1,35:54:1665,0.1199279,0.09171006,0
1,35:54:1862,0.05209305,0.04708664,0
1,35:54:2062,0.0023981,0.05728628,0
1,35:54:2261,0.03328032,0.005013123,0
1,35:54:2464,0.1030622,0.103358,0
1,35:54:2664,0.1161052,0.0764106,0
1,35:54:2862,0.003672329,0.0536348,0
1,35:54:3063,0.04062498,0.02813571,0
1,35:54:3264,0.006521506,0.01028634,0
1,35:54:3466,0.06483534,0.1581811,0
1,35:54:3665,0.1161052,0.04326177,0
1,35:54:3864,0.03935075,0.01666111,0
1,35:54:4063,0.02151154,0.01393781,0
1,35:54:4266,0.003973047,0.03433709,0
1,35:54:4466,0.0890457,0.1084579,0
1,35:54:4664,0.09954026,0.1605576,0
1,35:54:4863,0.02788269,0.04343516,0
1,35:54:5064,0.02660846,0.04963655,1
1,35:54:5268,0.03837724,0.05473636,1
1,35:54:5468,0.06993226,0.06893426,1
1,35:54:5666,0.04474839,0.1898816,1
1,35:54:5862,0.101788,0.05873463,1
1,35:54:6064,0.02436072,0.002463213,1
1,35:54:6265,0.1033629,0.05856123,1
1,35:54:6464,0.07885186,0.03433709,1
1,35:54:6663,0.1059114,0.001361652,1
1,35:54:6865,0.02023731,0.01793607,1
1,35:54:7064,0.001424588,0.02413745,1
1,35:54:7266,0.007495018,0.07785895,1
1,35:54:7465,0.1412891,0.1020831,1
1,35:54:7665,0.1224764,0.08406033,1
1,35:54:7865,0.03552806,0.02048598,1
1,35:54:8065,0.04444767,0.04708664,1
1,35:54:8268,0.001424588,0.01028634,1
1,35:54:8468,0.1119818,0.133957,1
1,35:54:8665,0.1441383,0.2867782,1
1,35:54:8863,0.1476603,0.1926049,1
1,35:54:9080,0.3094874,0.0906085,1
1,35:54:9265,0.3085139,0.3314016,1
1,35:54:9468,0.2865513,0.2115558,1
1,35:54:9662,0.3069389,0.3352264,1
1,35:54:9859,0.1556063,0.1097328,1
1,35:55:0060,0.2065755,0.07258573,1
1,35:55:0262,0.2307859,0.2563526,1
1,35:55:0463,0.05111954,0.1709307,1
1,35:55:0664,0.8271253,0.03051222,1
1,35:55:0860,0.06513606,0.04343516,1
1,35:55:1060,0.01259194,0.1044596,1
1,35:55:1263,0.0584642,0.08678363,1
1,35:55:1461,0.8969072,0.1044596,1
1,35:55:1664,0.2116724,0.06876087,1
1,35:55:1862,0.2674378,0.07020922,1
1,35:55:2061,0.05111954,0.09171006,1
1,35:55:2261,0.3785965,0.03178718,1
1,35:55:2462,0.1935325,0.1161076,1
1,35:55:2663,0.2817551,0.5341194,1
1,35:55:2861,0.2585182,0.2946013,1
1,35:55:3060,0.6624489,0.04581168,1
1,35:55:3263,0.01896308,0.2283036,1
1,35:55:3465,0.5974633,0.08933354,1
1,35:55:3665,0.0001503591,0.1388834,1
1,35:55:3861,0.06513606,0.1441566,1
1,35:55:4059,0.09444334,0.1121093,1
1,35:55:4262,0.08267456,0.05235985,1
1,35:55:4462,0.4767122,0.02413745,1
1,35:55:4661,0.3467408,0.03196057,1
1,35:55:4860,0.04347416,0.1337836,1
1,35:55:5059,0.004946559,0.07020922,1
1,35:55:5263,0.003973047,0.0141112,1
1,35:55:5464,0.240679,0.2676539,1
1,35:55:5665,0.3531119,0.3046275,1
1,35:55:5860,0.212646,0.2627274,1
1,35:55:6060,0.1336437,0.1862301,1
1,35:55:6261,0.03710301,0.06621096,1
1,35:55:6463,0.04857108,0.07275913,1
1,35:55:6661,0.2193178,0.319927,1
1,35:55:6861,0.1489345,0.1390568,1
1,35:55:7061,0.09796531,0.03561204,1
1,35:55:7261,0.03297961,0.06000958,1
1,35:55:7462,0.1323695,0.02668736,1
1,35:55:7664,0.2103982,0.122309,1
1,35:55:7861,0.1820644,0.0141112,1
1,35:55:8061,0.03425384,0.1465331,1
1,35:55:8260,0.02278577,0.06128453,1
1,35:55:8462,0.01641462,0.2601775,1
1,35:55:8667,0.2027528,0.07131078,1
1,35:55:8863,0.1912848,0.0623861,1
1,35:55:9061,0.2674378,0.03578544,1
1,35:55:9263,0.02533423,0.006461472,1
1,35:55:9469,0.05209305,0.0651094,1
1,35:55:9663,0.08170104,0.09298501,1
1,35:55:9862,0.04062498,0.104633,1
1,35:56:0062,0.1158045,0.0141112,1
1,35:56:0263,0.053668,0.1414333,1
1,35:56:0469,0.0192638,0.007563033,1
1,35:56:0665,0.1619775,0.04343516,1
1,35:56:0876,0.0584642,0.01921102,1
1,35:56:1065,0.06610958,0.1363335,1
1,35:56:1261,0.01161842,0.06748591,1
1,35:56:1465,0.09541685,0.1071829,1
1,35:56:1663,0.1352187,0.07896051,1
1,35:56:1859,0.1553056,0.1108344,1
1,35:56:2059,0.07375495,0.03833535,1
1,35:56:2261,0.02308649,0.05218646,1
1,35:56:2464,0.1285468,0.1836802,1
1,35:56:2660,0.1849136,0.04198682,1
1,35:56:2861,0.06386183,0.1696557,1
1,35:56:3061,0.04347416,0.0906085,1
1,35:56:3260,0.09189488,0.04726003,1
1,35:56:3464,0.101788,0.0623861,1
1,35:56:3663,0.2040271,0.002636607,1
1,35:56:3861,0.03582878,0.04088525,1
1,35:56:4060,0.134918,0.05618471,1
1,35:56:4261,0.053668,0.0904351,1
1,35:56:4462,0.196081,0.04071186,1
1,35:56:4662,0.2295117,0.1312337,1
1,35:56:4860,0.1858871,0.08661024,1
1,35:56:5060,0.2164686,8.669693E-05,1
1,35:56:5261,0.2613674,0.1847818,1
1,35:56:5463,0.2712605,0.1862301,1
1,35:56:5663,0.3390954,0.1492564,1
1,35:56:5859,0.08394878,0.07896051,1
1,35:56:6059,0.3174335,0.1734806,1
1,35:56:6260,0.04602262,0.2627274,1
1,35:56:6463,0.01416688,0.09698328,1
1,35:56:6661,0.1900105,0.08278538,1
1,35:56:6861,0.1196272,0.2091793,1
1,35:56:7059,0.09286839,0.04471012,1
1,35:56:7263,0.06641029,0.04836159,1
1,35:56:7465,0.08777148,0.1977047,1
1,35:56:7662,0.1173795,0.1592827,1
1,35:56:7861,0.02181226,0.3150006,1
1,35:56:8060,0.1145303,0.1441566,1
1,35:56:8259,0.04857108,0.07258573,1
1,35:56:8467,0.2521471,0.1275822,1
1,35:56:8666,0.2078498,0.1006347,1
1,35:56:8862,0.02053803,0.132682,1
1,35:56:9062,0.1683486,0.08550868,1
1,35:56:9262,0.03935075,0.04071186,1
1,35:56:9465,0.164526,0.1250323,1
1,35:56:9662,0.242254,0.1197591,1
1,35:56:9863,0.0023981,0.1299587,1
1,35:57:0062,0.02406,0.08423372,1
1,35:57:0260,0.07787836,0.02431084,1
1,35:57:0470,0.07150721,0.0623861,1
1,35:57:0664,0.02181226,0.1044596,1
1,35:57:0863,0.01034419,0.09425997,1
1,35:57:1063,0.02308649,0.1631075,1
1,35:57:1260,0.008769247,0.07768556,1
1,35:57:1465,0.07915258,0.08040886,1
1,35:57:1663,0.07023298,0.1911566,1
1,35:57:1864,0.0368023,0.03816195,1
1,35:57:2061,0.06101266,0.1516329,1
1,35:57:2264,0.1186537,0.01283625,1
1,35:57:2464,0.2801801,0.06893426,1
1,35:57:2682,0.4614214,0.01776267,1
1,35:57:2866,0.08394878,0.1618326,1
1,35:57:3059,0.04699613,0.009011381,1
1,35:57:3260,0.1005138,0.002463213,1
1,35:57:3464,0.06865803,0.06383444,1
1,35:57:3663,0.3403696,0.1299587,1
1,35:57:3859,0.07757764,0.179682,1
1,35:57:4058,0.0457219,0.1121093,1
1,35:57:4258,0.02151154,0.0254124,1
1,35:57:4462,0.1403156,0.02941066,1
1,35:57:4664,0.1708971,0.2319551,1
1,35:57:4859,0.07120649,0.1543562,1
1,35:57:5059,0.1451118,0.1403317,1
1,35:57:5260,0.1030622,0.1541829,1
1,35:57:5465,0.07885186,0.1454316,1
1,35:57:5663,0.2307859,0.09298501,1
1,35:57:5861,0.1438376,0.01011294,1
1,35:57:6060,0.05718996,0.02048598,1
1,35:57:6260,0.2728355,0.03306213,1
1,35:57:6463,0.1807902,0.05235985,1
1,35:57:6661,0.1415898,0.1044596,1
1,35:57:6860,0.1387406,0.04198682,1
1,35:57:7059,0.0584642,0.1008081,1
1,35:57:7259,0.07150721,0.07768556,1
1,35:57:7464,0.07885186,0.09425997,1
1,35:57:7663,0.1224764,0.002463213,1
1,35:57:7859,0.09159416,0.08406033,1
1,35:57:8059,0.2559698,0.1937065,1
1,35:57:8261,0.4282914,0.01156129,1
1,35:57:8461,0.1999037,0.01283625,1
1,35:57:8663,0.253722,0.0764106,1
1,35:57:8859,0.03935075,0.08423372,1
1,35:57:9058,0.07885186,0.03833535,1
1,35:57:9260,0.05621646,0.01921102,1
1,35:57:9462,0.02915692,0.04326177,1
1,35:57:9663,0.2180436,0.1095594,1
1,35:57:9859,0.07885186,0.104633,1
1,35:58:0060,0.08140033,0.07896051,1
1,35:58:0261,0.3824192,0.09553492,1
1,35:58:0469,0.07023298,0.2002546,1
1,35:58:0665,0.2906747,0.1734806,1
1,35:58:0863,0.1326702,0.2805768,1
1,35:58:1061,1.109703,0.07913391,1
1,35:58:1261,0.2741097,0.3696502,1
1,35:58:1467,0.07248072,0.1082845,1
1,36:02:1660,0.1604026,0.07403409,0
1,36:02:1857,0.0673838,0.01266285,0
1,36:02:2057,0.1438376,0.0255858,0
1,36:02:2257,0.02436072,0.1031847,0
1,36:02:2458,0.06228688,0.02923727,0
1,36:02:2661,0.1667737,0.06638435,0
1,36:02:2860,0.07248072,0.002636607,0
1,36:02:3057,0.1782418,0.03451048,0
1,36:02:3265,0.02945764,0.0623861,0
1,36:02:3465,0.1705964,0.05108489,0
1,36:02:3660,0.1769675,0.1084579,0
1,36:02:3862,0.07375495,0.01921102,0
1,36:02:4058,0.2139202,0.08295877,0
1,36:02:4260,0.0001503591,0.08406033,0
1,36:02:4462,0.1068849,0.006461472,0
1,36:02:4662,0.1973552,0.03196057,0
1,36:02:4859,0.09414262,0.01283625,0
1,36:02:5059,0.1438376,0.02431084,1
1,36:02:5259,0.01641462,0.04326177,1
1,36:02:5461,0.1553056,0.03578544,1
1,36:02:5664,0.06865803,0.05745967,1
1,36:02:5862,0.02945764,0.05218646,1
1,36:02:6058,0.1999037,0.04198682,1
1,36:02:6260,0.2218663,0.0623861,1
1,36:02:6461,0.2113717,0.002463213,1
1,36:02:6660,0.3311493,0.04453672,1
1,36:02:6860,0.06228688,0.1671058,1
1,36:02:7059,0.2279367,0.2767519,1
1,36:02:7259,0.6407871,0.2192056,1
1,36:02:7461,0.1489345,0.06000958,1
1,36:02:7664,0.290374,0.06128453,1
1,36:02:7859,0.1030622,0.01011294,1
1,36:02:8058,0.03073187,0.03433709,1
1,36:02:8259,0.2753839,0.1631075,1
1,36:02:8460,0.3569346,0.0906085,1
1,36:02:8662,0.09414262,0.036887,1
1,36:02:8860,0.02660846,0.1516329,1
1,36:02:9060,0.2954709,0.02686075,1
1,36:02:9261,0.5302298,0.1427083,1
1,36:02:9461,0.09541685,0.07530904,1
1,36:02:9660,0.2457759,0.03816195,1
1,36:02:9859,0.007495018,0.03323552,1
1,36:03:0060,0.2164686,0.06748591,1
1,36:03:0259,0.2967451,0.37475,1
1,36:03:0461,0.2282374,0.4539707,1
1,36:03:0716,0.1094334,0.04581168,1
1,36:03:0861,0.207549,0.3441511,1
1,36:03:1059,0.1948067,0.3849497,1
1,36:03:1259,0.1008145,0.1543562,1
1,36:03:1459,1.058734,0.3851231,1
1,36:03:1680,0.1438376,0.07403409,1
1,36:03:1861,0.146386,0.06748591,1
1,36:03:2057,0.09031993,0.3417746,1
1,36:03:2257,0.5261064,0.09570832,1
1,36:03:2458,0.01131771,0.01793607,1
1,36:03:2657,0.1387406,0.2179306,1
1,36:03:2857,0.01416688,0.3722002,1
1,36:03:3055,0.07120649,0.1301321,1
1,36:03:3257,0.1565799,0.1388834,1
1,36:03:3458,0.2215656,0.2270287,1
1,36:03:3664,0.08267456,0.1377818,1
1,36:03:3856,0.05336728,0.3647238,1
1,36:03:4056,0.07885186,0.160731,1
1,36:03:4257,0.2677386,0.1248589,1
1,36:03:4460,0.09189488,0.08423372,1
1,36:03:4659,0.3273266,0.133957,1
1,36:03:4857,0.2266625,0.2765785,1
1,36:03:5057,0.03328032,0.08406033,1
1,36:03:5257,0.1005138,0.03833535,1
1,36:03:5460,0.1476603,0.4308481,1
1,36:03:5658,0.1056107,0.2893281,1
1,36:03:5860,0.0842495,0.0906085,1
1,36:03:6057,0.06228688,0.06876087,1
1,36:03:6258,0.03837724,0.1694823,1
1,36:03:6459,0.08552373,0.1044596,1
1,36:03:6661,0.3094874,0.0254124,1
1,36:03:6859,0.01641462,0.02303589,1
1,36:03:7059,0.2763574,0.1071829,1
1,36:03:7258,0.1262991,0.1556312,1
1,36:03:7459,0.196081,0.1097328,1
1,36:03:7658,0.3579081,0.08023547,1
1,36:03:7864,0.1846129,0.09553492,1
1,36:03:8059,0.179516,0.1148326,1
1,36:03:8258,0.01289265,0.1875051,1
1,36:03:8459,0.06865803,0.1020831,1
1,36:03:8659,0.02788269,0.0254124,1
1,36:03:8858,0.05464151,0.07258573,1
1,36:03:9057,0.1553056,0.03833535,1
1,36:03:9258,0.01671534,0.23578,1
1,36:03:9460,0.05239376,0.03833535,1
1,36:03:9661,0.1807902,0.1785804,1
1,36:03:9858,0.0673838,0.01793607,1
1,36:04:0061,0.1310953,0.02303589,1
1,36:04:0257,0.237157,0.2523544,1
1,36:04:0460,0.2164686,0.01156129,1
1,36:04:0657,0.2100975,0.1122827,1
1,36:04:0859,0.003672329,0.036887,1
1,36:04:1057,0.07885186,0.03178718,1
1,36:04:1258,0.2626416,0.1643825,1
1,36:04:1459,0.1607033,0.2512528,1
1,36:04:1662,0.2333343,0.150358,1
1,36:04:1860,0.08267456,0.177132,1
1,36:04:2057,0.4891537,0.009011381,1
1,36:04:2258,0.2801801,0.01028634,1
1,36:04:2460,0.05973842,0.2281302,1
1,36:04:2661,0.4853311,0.08040886,1
1,36:04:2862,0.2636151,0.0651094,1
1,36:04:3059,0.1412891,0.06111114,1
1,36:04:3257,0.03073187,0.3823998,1
1,36:04:3476,0.2113717,0.06638435,1
1,36:04:3665,0.3897639,0.1479815,1
1,36:04:3860,0.06768452,0.1299587,1
1,36:04:4055,0.3859411,0.076584,1
1,36:04:4257,0.05591574,0.149083,1
1,36:04:4457,0.5656075,0.03816195,1
1,36:04:4659,0.1352187,0.05108489,1
1,36:04:4855,0.0890457,0.1135577,1
1,36:04:5055,0.06865803,0.1643825,1
1,36:04:5254,0.06356111,0.1403317,1
1,36:04:5455,0.1807902,0.009011381,1
1,36:04:5660,0.09444334,0.06111114,1
1,36:04:5857,0.1209014,0.1758571,1
1,36:04:6055,0.04699613,0.08168381,1
1,36:04:6255,0.1071856,0.3696502,1
1,36:04:6459,0.1259983,0.08295877,1
1,36:04:6660,0.01514039,0.1352319,1
1,36:04:6858,0.08267456,0.03451048,1
1,36:04:7055,0.09286839,0.1199325,1
1,36:04:7256,0.08679796,0.1822319,1
1,36:04:7455,0.2814544,0.1913299,1
1,36:04:7659,0.01004348,0.07020922,1
1,36:04:7857,0.01416688,0.05983619,1
1,36:04:8056,0.01768885,0.1237573,1
1,36:04:8256,0.06386183,0.1172092,1
1,36:04:8459,0.06865803,0.01266285,1
1,36:04:8662,0.2193178,0.08406033,1
1,36:04:8861,0.237157,0.2561792,1
1,36:04:9059,0.09414262,0.03816195,1
1,36:04:9257,0.1505094,0.02668736,1
1,36:04:9459,0.05494222,0.1146592,1
1,36:04:9660,0.06101266,0.01666111,1
1,36:04:9858,0.2154951,0.1924315,1
1,36:05:0059,0.005247277,0.04071186,1
1,36:05:0258,0.1874621,0.3390513,1
1,36:05:0458,0.1553056,0.01793607,1
1,36:05:0658,0.02945764,0.007736427,1
1,36:05:0860,0.114831,0.218104,1
1,36:05:1057,0.03297961,0.05108489,1
1,36:05:1258,0.09444334,0.1401583,1
1,36:05:1458,0.006220788,0.2867782,1
1,36:05:1661,0.4802341,0.3250268,1
1,36:05:1860,0.1173795,0.2499779,1
1,36:05:2058,0.34644,0.3404997,1
1,36:05:2260,0.4193718,0.3925994,1
1,36:05:2460,0.01671534,0.09298501,1
1,36:05:2658,0.02023731,0.076584,1
1,36:05:2859,0.1352187,0.2141057,1
1,36:05:3059,0.1897098,0.07258573,1
1,36:05:3259,0.01386616,0.4754715,1
1,36:05:3459,0.2027528,0.150358,1
1,36:05:3663,0.4012319,0.02286249,1
1,36:05:3861,0.06513606,0.05983619,1
1,36:05:4057,0.3094874,0.2510794,1
1,36:05:4259,0.07278144,0.1989797,1
1,36:05:4459,0.07405566,0.07768556,1
1,36:05:4663,0.1568806,0.1478081,1
1,36:05:4858,0.007795736,0.1452582,1
1,36:05:5057,0.0457219,0.01921102,1
1,36:05:5273,0.06641029,0.04836159,1
1,36:05:5461,0.2470502,0.064936,1
1,36:05:5658,0.1097341,0.121034,1
1,36:05:5858,0.03552806,0.04471012,1
1,36:05:6055,0.05494222,0.01793607,1
1,36:05:6254,0.118353,0.04326177,1
1,36:05:6454,0.09571756,0.206456,1
1,36:05:6656,0.1059114,0.1811303,1
1,36:05:6860,0.02690918,0.03561204,1
1,36:05:7055,0.03170538,0.1325086,1
1,36:05:7255,0.2715612,0.1337836,1
1,36:05:7456,0.1782418,0.4055224,1
1,36:05:7661,0.004946559,0.06111114,1
1,36:05:7857,0.04474839,0.06876087,1
1,36:05:8058,0.002698818,0.03178718,1
1,36:05:8255,0.0969918,0.04326177,1
1,36:05:8456,0.06386183,0.1643825,1
1,36:05:8659,0.009069965,0.2013562,1
1,36:05:8859,0.03043115,0.3086258,1
1,36:05:9057,0.1782418,0.006288078,1
1,36:05:9256,0.2559698,0.2268553,1
1,36:05:9457,0.4177969,0.1439832,1
1,36:05:9659,0.01386616,0.2538027,1
1,36:05:9864,0.08522301,0.04853499,1
1,36:06:0056,0.04317344,0.02048598,1
1,36:06:0258,0.179516,0.1197591,1
1,36:06:0458,0.08777148,0.1235839,1
1,36:06:0659,0.114831,0.08916015,1
1,36:06:0860,0.1581548,0.01521276,1
1,36:06:1058,0.6943047,0.04980994,1
1,36:06:1257,0.1272726,0.2627274,1
1,36:06:1458,0.01289265,0.1682074,1
2,36:12:4658,0.06865803,0.009011381,0
2,36:12:4863,0.05621646,0.01028634,0
2,36:12:5059,0.1909841,0.07403409,0
2,36:12:5256,0.1301218,0.0623861,0
2,36:12:5458,0.1310953,0.0651094,0
2,36:12:5662,0.05081882,0.01028634,0
2,36:12:5859,0.03710301,0.04836159,0
2,36:12:6072,0.1756933,0.1569062,0
2,36:12:6258,0.1441383,0.04326177,0
2,36:12:6453,0.1604026,0.1416067,0
2,36:12:6656,0.05464151,0.01028634,0
2,36:12:6862,0.003672329,0.1556312,0
2,36:12:7053,0.1259983,0.04726003,0
2,36:12:7250,0.1530579,0.05983619,0
2,36:12:7452,0.1285468,0.1172092,0
2,36:12:7654,0.03935075,0.206456,0
2,36:12:7857,0.005247277,0.1860567,0
2,36:12:8053,0.2011779,0.04980994,0
2,36:12:8253,0.09826603,0.0906085,1
2,36:12:8450,0.1132561,0.1581811,1
2,36:12:8653,0.1145303,0.001361652,1
2,36:12:8853,0.06386183,0.3887746,1
2,36:12:9053,0.1553056,0.04726003,1
2,36:12:9252,0.06131337,0.06366105,1
2,36:12:9455,0.08777148,0.1886066,1
2,36:12:9655,0.09796531,0.2525278,1
2,36:12:9857,0.02818341,0.05745967,1
2,36:13:0054,0.2266625,0.02176093,1
2,36:13:0254,0.06003914,0.02941066,1
2,36:13:0453,0.1247241,0.01538616,1
2,36:13:0653,0.09159416,0.4475959,1
2,36:13:0859,0.08934642,0.006288078,1
2,36:13:1054,0.2330336,0.0536348,1
2,36:13:1253,0.06386183,0.008837988,1
2,36:13:1454,0.146386,0.3773,1
2,36:13:1656,0.07248072,0.4142736,1
2,36:13:1858,0.01161842,0.6860124,1
2,36:13:2059,0.1438376,0.2408798,1
2,36:13:2255,0.001424588,0.01156129,1
2,36:13:2455,0.08522301,0.1479815,1
2,36:13:2656,0.1833387,0.23578,1
2,36:13:2859,0.1492352,0.1286837,1
2,36:13:3057,0.05718996,0.2015296,1
2,36:13:3256,0.05749068,0.1439832,1
2,36:13:3456,0.1568806,0.659065,1
2,36:13:3656,0.5707044,0.09425997,1
2,36:13:3857,0.4101515,0.2447046,1
2,36:13:4058,0.04062498,0.006288078,1
2,36:13:4256,0.7455746,0.05873463,1
2,36:13:4457,0.6895085,0.02941066,1
2,36:13:4657,0.4152484,0.4871195,1
2,36:13:4861,0.3492892,0.205181,1
2,36:13:5060,0.4448564,0.1212074,1
2,36:13:5257,0.006220788,0.3825732,1
2,36:13:5455,0.04219993,0.06366105,1
2,36:13:5656,0.7850757,0.105908,1
2,36:13:5857,0.01768885,0.003738168,1
2,36:13:6057,0.1132561,0.01283625,1
2,36:13:6256,0.04444767,0.05235985,1
2,36:13:6455,0.0890457,0.2192056,1
2,36:13:6658,0.1145303,0.2346784,1
2,36:13:6862,0.03710301,0.07258573,1
2,36:13:7063,0.1425633,0.1377818,1
2,36:13:7255,0.04189921,0.1159342,1
2,36:13:7454,0.04317344,0.1722056,1
2,36:13:7657,0.05464151,0.03816195,1
2,36:13:7874,0.02436072,0.0623861,1
2,36:13:8064,0.1705964,0.1977047,1
2,36:13:8252,0.06356111,0.03816195,1
2,36:13:8452,0.08394878,0.09298501,1
2,36:13:8652,0.09796531,0.007736427,1
2,36:13:8854,0.0001503591,0.05490976,1
2,36:13:9054,0.03425384,0.03578544,1
2,36:13:9252,0.07532989,0.2421547,1
2,36:13:9452,0.1209014,0.3800233,1
2,36:13:9656,0.0457219,0.149083,1
2,36:13:9855,0.07023298,0.08661024,1
2,36:14:0056,0.1986294,0.06765931,1
2,36:14:0254,0.3553596,0.03706039,1
2,36:14:0453,0.1336437,0.08278538,1
2,36:14:0661,0.1196272,0.08916015,1
2,36:14:0856,0.04857108,0.05601132,1
2,36:14:1053,0.1909841,0.08295877,1
2,36:14:1253,0.09286839,0.3224769,1
2,36:14:1452,0.1502087,0.05745967,1
2,36:14:1655,0.1858871,0.03833535,1
2,36:14:1855,0.07660413,0.09553492,1
2,36:14:2061,0.2253882,0.1135577,1
2,36:14:2251,0.1540314,0.1350585,1
2,36:14:2453,0.05718996,0.01793607,1
2,36:14:2655,0.2381305,0.1071829,1
2,36:14:2862,0.06386183,0.1949814,1
2,36:14:3058,0.1667737,0.08406033,1
2,36:14:3252,0.1272726,0.002463213,1
2,36:14:3454,0.04444767,0.007563033,1
2,36:14:3655,0.1400149,0.1325086,1
2,36:14:3861,0.00112387,0.06255949,1
2,36:14:4056,0.4967991,0.1224824,1
2,36:14:4255,0.02053803,0.1401583,1
2,36:14:4455,0.05749068,0.1669324,1
2,36:14:4657,0.1654995,0.04216021,1
2,36:14:4857,0.06386183,0.007563033,1
2,36:14:5061,0.1922583,0.02923727,1
2,36:14:5255,0.1081591,0.206456,1
2,36:14:5455,0.0673838,0.07275913,1
2,36:14:5657,0.1158045,0.2053544,1
2,36:14:5856,0.01544111,0.03196057,1
2,36:14:6056,0.1196272,0.03816195,1
2,36:14:6255,0.1604026,0.1197591,1
2,36:14:6454,0.09414262,0.01921102,1
2,36:14:6655,0.2661636,0.06876087,1
2,36:14:6859,0.06131337,0.01648772,1
2,36:14:7064,0.1451118,0.1263072,1
2,36:14:7255,0.2050006,0.04598508,1
2,36:14:7453,0.09923954,0.05218646,1
2,36:14:7655,0.2355821,0.09808484,1
2,36:14:7855,0.06003914,0.06366105,1
2,36:14:8058,0.1540314,0.2510794,1
2,36:14:8255,0.2368563,0.2895015,1
2,36:14:8454,0.01131771,0.104633,1
2,36:14:8656,0.2368563,0.09298501,1
2,36:14:8855,0.1823652,0.1964298,1
2,36:14:9055,0.1909841,0.2423281,1
2,36:14:9254,0.1871614,0.03833535,1
2,36:14:9455,0.02533423,0.1071829,1
2,36:14:9673,0.2343079,0.1518063,1
2,36:14:9861,0.1059114,0.3188254,1
2,36:15:0060,0.162951,0.1937065,1
2,36:15:0253,0.1285468,0.03816195,1
2,36:15:0451,0.1196272,0.2040795,1
2,36:15:0652,0.1412891,0.06255949,1
2,36:15:0854,0.06895875,0.0141112,1
2,36:15:1052,0.1591283,0.1299587,1
2,36:15:1251,0.290374,0.07785895,1
2,36:15:1451,0.1438376,0.01521276,1
2,36:15:1653,0.3974092,0.1097328,1
2,36:15:1853,0.1553056,0.05856123,1
2,36:15:2054,0.1935325,0.07785895,1
2,36:15:2252,0.2266625,0.2920514,1
2,36:15:2452,0.02151154,0.02796231,1
2,36:15:2652,0.2878255,0.01266285,1
2,36:15:2860,0.02563495,0.3849497,1
2,36:15:3058,0.2202913,0.07403409,1
2,36:15:3251,0.1056107,0.08423372,1
2,36:15:3452,0.1030622,0.121034,1
2,36:15:3652,0.2432275,0.05108489,1
2,36:15:3854,0.1110083,0.01648772,1
2,36:15:4053,0.1221757,0.04071186,1
2,36:15:4255,0.240679,0.03578544,1
2,36:15:4452,0.05336728,0.1543562,1
2,36:15:4654,0.2559698,0.008837988,1
2,36:15:4857,0.0842495,0.02176093,1
2,36:15:5053,0.1935325,0.2295786,1
2,36:15:5254,0.2776317,0.1071829,1
2,36:15:5462,0.07375495,0.005013123,1
2,36:15:5655,0.2215656,0.1173825,1
2,36:15:5855,0.04474839,0.04343516,1
2,36:15:6054,0.1616768,0.07131078,1
2,36:15:6251,0.2419532,0.1019097,1
2,36:15:6452,0.1234499,0.1312337,1
2,36:15:6653,0.2712605,0.08040886,1
2,36:15:6854,0.06768452,0.1530813,1
2,36:15:7059,0.1438376,0.06111114,1
2,36:15:7302,0.2368563,0.05618471,1
2,36:15:7455,0.03807652,0.04326177,1
2,36:15:7653,0.2317594,0.1110078,1
2,36:15:7855,0.03073187,0.05983619,1
2,36:15:8056,0.1387406,0.1248589,1
2,36:15:8252,0.2750832,0.2627274,1
2,36:15:8453,0.08522301,0.2217555,1
2,36:15:8654,0.2521471,0.105908,1
2,36:15:8855,0.04827036,0.133957,1
2,36:15:9057,0.1973552,0.0113879,1
2,36:15:9253,0.2890997,0.1479815,1
2,36:15:9457,0.00112387,0.05873463,1
2,36:15:9653,0.2814544,0.2334035,1
2,36:15:9856,0.1683486,0.01793607,1
2,36:16:0057,0.1667737,0.1809569,1
2,36:16:0259,0.2432275,0.06638435,1
2,36:16:0455,0.02788269,0.01538616,1
2,36:16:0654,0.285277,0.1441566,1
2,36:16:0856,0.04984531,0.04963655,1
2,36:16:1058,0.1438376,0.003738168,1
2,36:16:1254,0.2317594,0.007563033,1
2,36:16:1469,0.04827036,0.2408798,1
2,36:16:1655,0.2037264,0.06893426,1
2,36:16:1853,0.07150721,0.02813571,1
2,36:16:2055,0.09796531,0.1569062,1
2,36:16:2252,0.2470502,0.1020831,1
2,36:16:2450,0.03552806,0.0255858,1
2,36:16:2651,0.240679,0.005186517,1
2,36:16:2857,0.07278144,0.1696557,1
2,36:16:3050,0.09923954,0.1097328,1
2,36:16:3249,0.2151944,0.07003582,1
2,36:16:3448,0.06483534,0.4016975,1
2,36:16:3649,0.2266625,0.2321285,1
2,36:16:3848,0.06895875,0.3137256,1
2,36:16:4053,0.1451118,0.09425997,1
2,36:16:4249,0.2202913,0.1467065,1
2,36:16:4449,0.06228688,0.07913391,1
2,36:16:4649,0.2483244,0.0141112,1
2,36:16:4852,0.09316911,0.1722056,1
2,36:16:5054,0.1221757,0.2447046,1
2,36:16:5249,0.2419532,0.0141112,1
2,36:16:5449,0.0457219,0.1581811,1
2,36:16:5651,0.2559698,0.03196057,1
2,36:16:5851,0.1097341,0.884732,1
2,36:16:6052,0.1336437,0.1020831,1
2,36:16:6254,0.2050006,0.18878,1
2,36:16:6451,0.08522301,0.1161076,1
2,36:16:6652,0.2674378,0.2204805,1
2,36:16:6854,0.09571756,0.3033526,1
2,36:16:7054,0.118353,0.2525278,1
2,36:16:7250,0.1833387,0.01793607,1
2,36:16:7451,0.04827036,0.07913391,1
2,36:16:7651,0.2317594,0.246153,1
2,36:16:7852,0.114831,0.1811303,1
2,36:16:8052,0.1119818,0.3647238,1
2,36:16:8250,0.2151944,0.01156129,1
2,36:16:8451,0.02151154,0.133957,1
2,36:16:8653,0.2343079,0.064936,1
2,36:16:8854,0.09444334,0.04088525,1
2,36:16:9055,0.1234499,0.5430441,1
2,36:16:9251,0.2164686,0.3264752,1
2,36:16:9452,0.05464151,0.3339515,1
2,36:16:9652,0.2623409,0.1390568,1
2,36:16:9857,0.0842495,0.1031847,1
2,36:17:0060,0.09414262,0.2142791,1
2,36:17:0253,0.1833387,0.003911562,1
2,36:17:0453,0.6751912,0.05473636,1
2,36:17:0653,0.2661636,0.1286837,1
2,36:17:0853,0.1059114,0.01921102,1
2,36:17:1054,0.1438376,0.01921102,1
2,36:17:1252,0.2062748,0.07386069,1
2,36:17:1454,0.07757764,0.007736427,1
2,36:17:1651,0.2610667,0.1849552,1
2,36:17:1854,0.1084599,0.08423372,1
2,36:17:2056,0.09286839,0.036887,1
2,36:17:2251,0.1999037,0.07403409,1
2,36:17:2452,0.03552806,0.03306213,1
2,36:17:2654,0.2419532,0.036887,1
2,36:17:2856,0.1020887,0.05873463,1
2,36:17:3054,0.1425633,0.08040886,1
2,36:17:3266,0.2355821,0.1592827,1
2,36:17:3454,0.04827036,0.2219289,1
2,36:17:3650,0.2521471,0.09698328,1
2,36:17:3852,0.07787836,0.02176093,1
2,36:17:4052,0.1387406,0.3122773,1
2,36:17:4250,0.1527572,0.3099008,1
2,36:17:4449,0.0368023,0.008837988,1
2,36:17:4649,0.2062748,0.01266285,1
2,36:17:4851,0.08552373,0.09953319,1
2,36:17:5049,0.1285468,0.1875051,1
2,36:17:5249,0.007495018,0.1811303,1
2,36:17:5449,0.1059114,0.2421547,1
2,36:17:5650,0.1591283,0.06383444,1
2,36:17:5854,0.131396,0.04453672,1
2,36:17:6050,0.1170788,0.06876087,1
2,36:17:6249,0.1400149,0.488221,1
2,36:17:6450,0.00112387,0.07275913,1
2,36:17:6651,0.1234499,0.1467065,1
2,36:17:6852,0.09316911,0.06111114,1
2,36:17:7054,0.1145303,0.2880531,1
2,36:17:7251,0.2113717,0.02668736,1
2,36:17:7449,0.07502918,0.1325086,1
2,36:17:7650,0.1285468,0.3264752,1
2,36:17:7852,0.1084599,0.03178718,1
2,36:17:8053,0.07757764,0.03578544,1
2,36:17:8250,0.1196272,0.0255858,1
2,36:17:8450,0.0584642,0.246153,1
2,36:17:8650,0.2445017,0.06255949,1
2,36:17:8851,0.2116724,0.09570832,1
2,36:17:9053,0.1412891,0.2753036,1
2,36:17:9249,0.2279367,0.1530813,1
2,36:17:9451,0.04827036,0.4335714,1
2,36:17:9651,0.2559698,0.3927728,1
2,36:17:9876,0.1250248,0.01776267,1
2,36:18:0064,0.08522301,0.02941066,1
2,36:18:0256,0.01416688,0.005186517,1
2,36:18:0455,0.02436072,0.3390513,1
2,36:18:0655,0.2113717,0.4206484,1
2,36:18:0861,0.1046372,0.2372283,1
2,36:18:1053,0.1553056,0.2321285,1
2,36:18:1253,0.0842495,0.3239253,1
2,36:18:1454,0.09541685,0.007563033,1
2,36:18:1659,0.1285468,0.1403317,1
2,36:18:1860,0.1466867,0.01648772,1
2,36:18:2058,0.1616768,0.1352319,1
2,36:18:2257,0.07885186,0.1299587,1
2,36:18:2458,0.003672329,0.0255858,1
2,36:18:2653,0.2343079,0.1567328,1
2,36:18:2867,0.1122826,0.04326177,1
2,36:18:3064,0.1451118,0.08151042,1
2,36:18:3259,0.09159416,0.06748591,1
2,36:18:3457,0.02406,0.007563033,1
2,36:18:3656,0.08394878,0.09298501,1
2,36:18:3872,0.1670744,0.206456,1
2,36:18:4057,0.146386,0.1975313,1
2,36:18:4257,0.04699613,0.1403317,1
2,36:18:4454,0.003672329,0.09953319,1
2,36:18:4653,0.1667737,0.076584,1
2,36:18:4855,0.1110083,0.1044596,1
2,36:18:5069,0.1209014,0.2332301,1
2,36:18:5253,0.04699613,0.2153807,1
2,36:18:5450,0.05336728,0.1161076,1
2,36:18:5650,0.1527572,0.1862301,1
2,36:18:5850,0.1364929,0.1401583,1
2,36:18:6051,0.1196272,0.03943691,1
2,36:18:6250,0.03807652,0.06876087,1
2,36:18:6450,0.03297961,0.003738168,1
2,36:18:6648,0.1973552,0.04471012,1
2,36:18:6850,0.1403156,0.2678272,1
2,36:18:7051,0.09669108,0.09553492,1
2,36:18:7253,0.2381305,0.04326177,1
2,36:18:7449,0.009069965,0.190055,1
2,36:18:7651,0.1247241,0.2498045,1
2,36:18:7850,0.147961,0.07131078,1
2,36:18:8049,0.1247241,0.7994835,1
2,36:18:8250,0.04729685,0.1275822,1
2,36:18:8450,0.01671534,0.1671058,1
2,36:18:8649,0.08649724,0.0764106,1
2,36:18:8850,0.1670744,0.1261338,1
2,36:18:9051,0.0890457,0.1594561,1
2,36:18:9263,0.03043115,0.1645559,1
2,36:18:9450,0.02660846,0.1682074,1
2,36:18:9651,0.1119818,0.2676539,1
2,36:18:9853,0.237157,0.1286837,1
2,36:19:0056,0.05876491,0.2244788,1
2,36:19:0252,0.04444767,0.08278538,1
2,36:19:0450,0.002698818,0.1683808,1
2,36:19:0651,0.1247241,0.3519742,1
2,36:19:0853,0.1517837,0.04326177,1
2,36:19:1055,0.1209014,0.1288572,1
2,36:19:1251,0.0409257,0.1645559,1
2,36:19:1450,0.03297961,0.2844017,1
2,36:19:1651,0.07885186,0.405349,1
2,36:19:1850,0.1505094,0.08151042,1
2,36:19:2050,0.1527572,0.8031349,1
2,36:19:2253,0.07248072,0.1722056,1
2,36:19:2451,0.1403156,0.03196057,1
2,36:19:2651,0.1540314,0.08023547,1
2,36:19:2855,0.192559,0.1261338,1
2,36:19:3058,0.1769675,0.05108489,1
2,36:19:3254,0.01641462,0.1809569,1
2,36:19:3452,0.04444767,0.009011381,1
2,36:19:3652,0.129821,0.5126186,1
2,36:19:3854,0.1734456,0.05618471,1
2,36:19:4054,0.1387406,0.05618471,1
2,36:19:4252,0.04984531,0.1133843,1
2,36:19:4453,0.02660846,0.01776267,1
2,36:19:4653,0.1081591,0.1862301,1
2,36:19:4853,0.1505094,0.1643825,1
2,36:19:5057,0.07248072,0.3494244,1
2,36:19:5254,0.1094334,0.1212074,1
2,36:19:5453,0.04189921,0.5177184,1
2,36:19:5654,0.1744191,0.2040795,1
2,36:19:5854,0.1823652,0.0764106,1
2,36:19:6054,0.2088233,0.05745967,1
2,36:19:6252,0.07120649,0.4603454,1
2,36:19:6451,0.01161842,0.06000958,1
2,36:19:6653,0.162951,0.04853499,1
2,36:19:6869,0.1658002,0.1108344,1
2,36:19:7056,0.1043365,0.01793607,1
2,36:19:7250,0.01259194,0.02303589,1
2,36:19:7450,0.00112387,0.02413745,1
2,36:19:7648,0.1005138,0.1862301,1
2,36:19:7849,0.1568806,0.1911566,1
2,36:19:8049,0.0890457,0.1184841,1
2,36:19:8250,0.03455455,0.06255949,1
2,36:19:8489,0.02945764,0.1133843,1
2,36:19:8651,0.09796531,0.03306213,1
2,36:19:8851,0.2027528,0.1044596,1
2,36:19:9051,0.07630341,0.0255858,1
2,36:19:9250,0.03582878,0.009011381,1
2,36:19:9449,0.02151154,0.02031258,1
2,36:19:9648,0.1323695,0.08678363,1
2,36:19:9853,0.1861879,0.076584,1
2,36:20:0049,0.0890457,0.2436031,1
2,36:20:0251,0.1097341,0.104633,1
2,36:20:0448,0.006521506,0.2714787,1
2,36:20:0649,0.1081591,0.3812982,1
2,36:20:0849,0.4040811,0.09298501,1
2,36:20:1050,0.009069965,0.103358,1
2,36:20:1253,0.002698818,0.007563033,1
2,36:20:1450,0.01641462,0.1938798,1
2,36:20:1649,0.1948067,0.105908,1
2,36:20:1850,0.1288475,0.01903763,1
2,36:20:2051,0.162951,0.0255858,1
2,36:20:2249,0.07787836,0.2383299,1
2,36:20:2450,0.01386616,0.2294052,1
2,36:20:2650,0.1374664,0.546869,1
2,36:20:2851,0.2116724,0.1057346,1
2,36:20:3050,0.09414262,0.2893281,1
2,36:20:3253,0.0457219,0.02813571,1
2,36:20:3454,0.003973047,0.06383444,1
2,36:20:3651,0.1247241,0.09171006,1
2,36:20:3856,0.209124,0.09425997,1
2,36:20:4057,0.1922583,0.03051222,1
2,36:20:4256,0.03710301,0.01793607,1
2,36:20:4456,0.02660846,8.669693E-05,1
2,36:20:4657,0.1693222,0.002463213,1
2,36:20:4853,0.2193178,0.04326177,1
2,36:20:5059,0.05464151,0.1567328,1
2,36:20:5253,0.01416688,0.1274088,1
2,36:20:5452,0.06895875,0.04326177,1
2,36:20:5652,0.1591283,0.05108489,1
2,36:20:5853,0.1849136,0.07258573,1
2,36:20:6054,0.04189921,0.09188345,1
2,36:20:6254,0.1107076,0.06748591,1
2,36:20:6450,0.02818341,0.0255858,1
2,36:20:6653,0.0890457,0.05856123,1
2,36:20:6854,0.1785425,0.1237573,1
2,36:20:7067,0.1451118,0.02303589,1
2,36:20:7255,0.01768885,0.1197591,1
2,36:20:7453,0.002698818,0.02813571,1
2,36:20:7652,0.1744191,0.104633,1
2,36:20:7854,0.3862419,0.09171006,1
2,36:20:8054,0.07248072,0.160731,1
2,36:20:8256,0.06865803,0.07896051,1
2,36:20:8451,0.02690918,0.1860567,1
2,36:20:8666,0.1731448,0.1580077,1
2,36:20:8852,0.2167694,0.2727537,1
2,36:20:9051,0.06865803,0.08678363,1
2,36:20:9251,0.07375495,0.02413745,1
2,36:20:9448,0.03837724,0.0906085,1
2,36:20:9647,0.1247241,0.002463213,1
2,36:20:9848,0.2600932,0.036887,1
2,36:21:0053,0.08394878,0.08406033,1
2,36:21:0252,0.06865803,0.007563033,1
2,36:21:0447,0.01416688,0.04071186,1
2,36:21:0647,0.179516,0.1250323,1
2,36:21:0848,0.2307859,0.321202,1
2,36:21:1048,0.09286839,0.01521276,1
2,36:21:1250,0.03043115,0.1082845,1
2,36:21:1446,0.0625876,0.05473636,1
2,36:21:1648,0.1310953,0.08550868,1
2,36:21:1848,0.2728355,0.2549043,1
2,36:21:2048,0.001424588,0.01666111,1
2,36:21:2249,0.06101266,0.04216021,1
2,36:21:2448,0.03837724,0.03068561,1
2,36:21:2648,0.1693222,0.05235985,1
2,36:21:2849,0.2269632,0.1682074,1
2,36:21:3051,0.0457219,0.0254124,1
2,36:21:3252,0.0023981,0.008837988,1
2,36:21:3448,0.008769247,0.02158754,1
2,36:21:3648,0.1833387,0.007563033,1
2,36:21:3849,0.2333343,0.1682074,1
2,36:21:4050,0.05209305,0.179682,1
2,36:21:4252,0.1285468,0.009011381,1
2,36:21:4449,0.03837724,0.07275913,1
2,36:21:4649,0.1514829,0.2829533,1
2,36:21:4849,0.3123366,0.08278538,1
2,36:21:5050,0.007495018,0.0651094,1
2,36:21:5252,0.1132561,0.1135577,1
2,36:21:5449,0.01034419,0.1097328,1
2,36:21:5649,0.2521471,0.05618471,1
2,36:21:5850,0.2983201,0.1822319,1
2,36:21:6052,0.02915692,0.1019097,1
2,36:21:6252,0.07375495,0.02941066,1
2,36:21:6450,0.04602262,0.06111114,1
2,36:21:6650,0.162951,0.1377818,1
2,36:21:6850,0.314885,0.2459796,1
2,36:21:7055,0.03297961,0.01011294,1
2,36:21:7252,0.02818341,0.01793607,1
2,36:21:7452,0.02436072,0.1631075,1
2,36:21:7652,0.2725347,0.2257537,1
2,36:21:7854,0.3289016,0.2370549,1
2,36:21:8053,0.04954459,0.06621096,1
2,36:21:8255,0.1476603,0.05490976,1
2,36:21:8451,0.04347416,0.0113879,1
2,36:21:8652,0.2202913,0.07913391,1
2,36:21:8853,0.1810909,0.2013562,1
2,36:21:9054,0.06610958,0.02941066,1
2,36:21:9255,0.1247241,0.07020922,1
2,36:21:9452,0.1173795,0.4794697,1
2,36:21:9653,0.1833387,0.1110078,1
2,36:21:9854,0.3352727,0.09808484,1
2,36:22:0054,0.0890457,0.03578544,1
2,36:22:0256,0.07885186,0.02813571,1
2,36:22:0464,0.04474839,0.02413745,1
2,36:22:0651,0.1846129,0.03323552,1
2,36:22:0848,0.2511736,0.07003582,1
2,36:22:1050,0.1209014,0.1388834,1
2,36:22:1247,0.01896308,0.08916015,1
2,36:22:1446,0.1020887,0.02286249,1
2,36:22:1648,0.301842,0.3353998,1
2,36:22:1846,0.3110623,0.263829,1
2,36:22:2048,0.006220788,0.2640024,1
2,36:22:2249,0.1005138,0.1314071,1
2,36:22:2449,0.03965147,0.09425997,1
2,36:22:2647,0.146386,0.03451048,1
2,36:22:2847,0.3492892,0.04216021,1
2,36:22:3048,0.07502918,0.1263072,1
2,36:22:3252,0.1196272,0.07275913,1
2,36:22:3449,0.05111954,0.1350585,1
2,36:22:3646,0.05209305,0.2780269,1
2,36:22:3851,0.314885,0.1121093,1
2,36:22:4048,0.01386616,0.1199325,1
2,36:22:4250,0.1948067,0.03561204,1
2,36:22:4447,0.02053803,0.3838481,1
2,36:22:4649,0.2037264,0.2831267,1
2,36:22:4849,0.253722,0.2039061,1
2,36:22:5052,0.1046372,0.07020922,1
2,36:22:5250,0.2890997,0.1197591,1
2,36:22:5449,0.03328032,0.0904351,1
2,36:22:5648,0.2585182,0.1454316,1
2,36:22:5848,0.72009,0.4219234,1
2,36:22:6049,0.1259983,0.002636607,1
2,36:22:6251,0.06610958,0.3900495,1
2,36:22:6448,0.09826603,0.1121093,1
2,36:22:6649,0.1415898,0.05473636,1
2,36:22:6849,0.2983201,0.05490976,1
2,36:22:7049,0.1046372,0.2576276,1
2,36:22:7250,0.1323695,0.2740286,1
2,36:22:7450,0.1020887,0.09698328,1
2,36:22:7649,0.1553056,0.07913391,1
2,36:22:7849,0.4818091,0.1656574,1
2,36:22:8050,0.1301218,0.2155541,1
2,36:22:8253,0.07248072,0.1975313,1
2,36:22:8449,0.006220788,0.08788519,1
2,36:22:8651,0.2661636,0.218104,1
2,36:22:8848,0.3620315,0.179682,1
2,36:22:9050,0.01544111,0.2765785,1
2,36:22:9251,0.1527572,0.02431084,1
2,36:22:9450,0.07405566,0.3696502,1
2,36:22:9650,0.5974633,0.01283625,1
2,36:22:9852,0.3531119,0.207731,1
2,36:23:0055,0.05464151,0.04963655,1
2,36:23:0262,0.134918,0.1835068,1
2,36:23:0453,0.09571756,0.02303589,1
2,36:23:0652,0.1492352,0.07020922,1
2,36:23:0851,0.3365469,0.150358,1
2,36:23:1051,0.01131771,0.1733072,1
2,36:23:1253,0.101788,0.06638435,1
2,36:23:1451,0.2014786,0.23578,1
2,36:23:1651,0.03935075,0.002636607,1
2,36:23:1853,0.4945514,0.07131078,1
2,36:23:2052,0.07023298,0.07896051,1
2,36:23:2265,0.1654995,0.06765931,1
2,36:23:2450,0.1237506,0.2002546,1
2,36:23:2648,0.2623409,0.02303589,1
2,36:23:2848,0.2983201,0.0904351,1
2,36:23:3050,0.01514039,0.1836802,1
2,36:23:3249,0.1900105,0.05728628,1
2,36:23:3449,0.1581548,0.04343516,1
2,36:23:3647,0.1361922,0.0906085,1
2,36:23:3847,0.3250789,0.04326177,1
2,36:23:4048,0.02660846,0.05983619,1
2,36:23:4250,0.118353,0.2206539,1
2,36:23:4448,0.2269632,0.03561204,1
2,36:23:4648,0.0842495,0.1581811,1
2,36:23:4847,0.3569346,0.2498045,1
2,36:23:5047,0.006220788,0.04598508,1
2,36:23:5252,0.2317594,0.4093472,1
2,36:23:5446,0.1415898,0.0623861,1
2,36:23:5647,0.02151154,0.04726003,1
2,36:23:5848,0.3301758,0.2536293,1
2,36:23:6047,0.3247781,0.03051222,1
2,36:23:6251,0.03170538,0.02176093,1
2,36:23:6447,0.1667737,0.1161076,1
2,36:23:6647,0.1132561,0.02813571,1
2,36:23:6849,0.4499533,0.1235839,1
2,36:23:7047,0.03837724,0.09953319,1
2,36:23:7250,0.05591574,0.1084579,1
2,36:23:7446,0.1772683,0.05728628,1
2,36:23:7648,0.02308649,0.09808484,1
2,36:23:7849,0.5659083,0.3645504,1
2,36:23:8048,0.01034419,0.05873463,1
2,36:23:8251,0.003672329,0.1467065,1
2,36:23:8448,0.05494222,0.133957,1
2,36:23:8648,0.1718706,0.2206539,1
2,36:23:8847,0.2766581,0.6922138,1
2,36:23:9048,0.02436072,0.3851231,1
2,36:23:9249,0.1339445,0.03833535,1
2,36:23:9449,0.04219993,0.04853499,1
2,36:23:9648,0.2648894,0.132682,1
2,36:23:9849,0.3569346,0.08406033,1
2,36:24:0052,0.1772683,0.1631075,1
2,36:24:0251,0.003672329,0.03561204,1
2,36:24:0448,0.1607033,0.03816195,1
2,36:24:0649,0.1094334,0.01283625,1
2,36:24:0848,0.2269632,0.1146592,1
2,36:24:1050,0.05209305,0.064936,1
2,36:24:1252,0.08807219,0.1541829,1
2,36:24:1449,0.2397055,0.2485295,1
2,36:24:1650,0.1119818,0.01776267,1
2,36:24:1852,0.4066296,0.1095594,1
2,36:24:2051,0.04444767,0.03943691,1
2,36:24:2253,0.01289265,0.09298501,1
2,36:24:2449,0.114831,0.1911566,1
2,36:24:2650,0.05464151,0.1964298,1
2,36:24:2851,0.4359368,0.2447046,1
2,36:24:3051,0.08777148,0.06366105,1
2,36:24:3303,0.1604026,0.04726003,1
2,36:24:3454,0.09189488,0.02158754,1
2,36:24:3652,0.1412891,0.1314071,1
2,36:24:3851,0.3158585,0.05473636,1
2,36:24:4066,0.05973842,0.009011381,1
2,36:24:4255,0.03170538,0.3417746,1
2,36:24:4447,0.1186537,0.09808484,1
2,36:24:4647,0.02278577,0.08678363,1
2,36:24:4847,0.3429181,0.1286837,1
2,36:24:5050,0.0023981,0.1452582,1
2,36:24:5249,0.003973047,0.09680988,1
2,36:24:5445,0.3161592,0.2574542,1
2,36:24:5646,0.0409257,0.01903763,1
2,36:24:5846,0.3620315,0.1248589,1
2,36:24:6050,0.01386616,0.005013123,1
2,36:24:6249,0.1705964,0.09808484,1
2,36:24:6447,0.1377671,0.1070095,1
2,36:24:6647,0.06610958,0.08040886,1
2,36:24:6847,0.4104522,0.2676539,1
2,36:24:7048,0.09669108,0.05235985,1
2,36:24:7248,0.03837724,0.03068561,1
2,36:24:7448,0.2002044,0.0113879,1
2,36:24:7647,0.02690918,0.03306213,1
2,36:24:7847,0.3059654,0.1439832,1
2,36:24:8049,0.005247277,0.006288078,1
2,36:24:8254,0.003672329,0.4220968,1
2,36:24:8445,0.01768885,0.1031847,1
2,36:24:8648,0.02023731,0.04326177,1
2,36:24:8847,0.4792606,0.1567328,1
2,36:24:9048,0.07660413,0.007563033,1
2,36:24:9247,0.1999037,0.1031847,1
2,36:24:9447,0.2269632,0.08040886,1
2,36:24:9648,0.05876491,0.01776267,1
2,36:24:9848,0.3467408,0.179682,1
2,36:25:0051,0.01034419,0.05601132,1
2,36:25:0257,0.0023981,0.01776267,1
2,36:25:0447,0.131396,0.05728628,1
2,36:25:0648,0.1721713,0.06893426,1
2,36:25:0848,0.4563245,0.2026311,1
2,36:25:1049,0.3171328,0.06128453,1
2,36:25:1250,0.02181226,0.1403317,1
2,36:25:1448,0.08679796,0.006461472,1
2,36:25:1648,0.2027528,0.03323552,1
2,36:25:1846,0.4270172,0.1095594,1
2,36:25:2049,0.05209305,8.669693E-05,1
2,36:25:2252,0.33145,0.04071186,1
2,36:25:2448,0.4076031,0.121034,1
2,36:25:2648,0.1708971,0.2359534,1
2,36:25:2850,1.648703,0.1006347,1
2,36:25:3050,0.04347416,0.01266285,1
2,36:25:3251,0.08934642,0.2714787,1
2,36:25:3448,0.2753839,0.04581168,1
2,36:25:3651,0.0368023,0.303526,1
2,36:25:3851,0.3556604,0.1388834,1
2,36:25:4049,0.1071856,0.01538616,1
2,36:25:4253,0.1415898,0.1401583,1
2,36:25:4450,0.01259194,0.1656574,1
2,36:25:4650,0.006521506,0.04963655,1
2,36:25:4852,0.3531119,0.03306213,1
2,36:25:5053,0.02818341,0.07003582,1
2,36:25:5253,0.08170104,0.08023547,1
2,36:25:5450,0.3518377,0.1095594,1
2,36:25:5650,0.04857108,0.003911562,1
2,36:25:5863,0.2435282,0.179682,1
2,36:25:6053,0.02818341,0.3851231,1
2,36:25:6247,0.1110083,0.1263072,1
2,36:25:6446,0.04474839,0.03943691,1
2,36:25:6645,0.04699613,0.07403409,1
2,36:25:6845,0.3684027,0.07768556,1
2,36:25:7046,0.04602262,0.06000958,1
2,36:25:7246,0.05209305,0.09298501,1
2,36:25:7447,0.2269632,0.0254124,1
2,36:25:7644,0.2024521,0.05873463,1
2,36:25:7847,1.643606,0.09808484,1
2,36:25:8053,0.1262991,0.1962564,1
2,36:25:8248,0.0192638,0.01028634,1
2,36:25:8451,0.2129467,0.1146592,1
2,36:25:8647,0.05718996,0.3239253,1
2,36:25:8846,0.225689,0.1849552,1
2,36:25:9046,0.08679796,0.02176093,1
2,36:25:9249,0.1632517,0.1019097,1
2,36:25:9448,0.01514039,8.669693E-05,1
2,36:25:9644,0.3579081,0.08295877,1
2,36:25:9847,0.1556063,0.05983619,1
2,36:26:0048,0.01161842,0.1416067,1
2,36:26:0250,0.2636151,0.05473636,1
2,36:26:0448,0.1046372,0.02796231,1
2,36:26:0647,0.4496526,0.06638435,1
2,36:26:0846,0.007495018,0.08916015,1
2,36:26:1049,0.04219993,0.1376084,1
2,36:26:1246,0.2040271,0.05490976,1
2,36:26:1448,0.02788269,0.1146592,1
2,36:26:1647,0.07248072,0.04581168,1
2,36:26:1847,0.253722,0.05983619,1
2,36:26:2048,0.1094334,0.009011381,1
2,36:26:2252,0.9529732,0.01393781,1
2,36:26:2449,0.192559,0.0764106,1
2,36:26:2648,0.04699613,0.2984262,1
2,36:26:2847,0.2690128,0.05856123,1
2,36:26:3048,0.2014786,0.002463213,1
2,36:26:3249,0.3286008,0.2627274,1
2,36:26:3447,0.2231405,0.08151042,1
2,36:26:3651,0.0842495,0.3812982,1
2,36:26:3849,0.1976559,0.1159342,1
2,36:26:4048,0.05239376,0.076584,1
2,36:26:4251,0.05494222,0.359624,1
2,36:26:4450,0.1823652,0.177132,1
2,36:26:4648,0.101788,0.1197591,1
2,36:26:4849,0.2053013,0.08023547,1
2,36:26:5053,0.1823652,0.006288078,1
2,36:26:5252,0.04219993,0.1924315,1
2,36:26:5449,0.1747198,0.04326177,1
2,36:26:5649,0.0192638,0.1044596,1
2,36:26:5850,0.2154951,0.02941066,1
2,36:26:6051,0.03582878,0.08406033,1
2,36:26:6250,0.3043905,0.1263072,1
2,36:26:6454,0.2151944,0.06255949,1
2,36:26:6649,0.1043365,0.07403409,1
2,36:26:6850,0.2320601,0.1860567,1
2,36:26:7051,0.01544111,0.01156129,1
2,36:26:7254,0.1084599,0.03433709,1
2,36:26:7454,0.1721713,0.1159342,1
2,36:26:7664,0.07630341,0.09443336,1
2,36:26:7850,0.1071856,0.06748591,1
2,36:26:8050,0.3212562,0.07530904,1
2,36:26:8249,0.08679796,0.0509115,1
2,36:26:8448,0.1505094,0.1516329,1
2,36:26:8644,0.07502918,0.2015296,1
2,36:26:8845,0.05494222,0.09808484,1
2,36:26:9046,0.01131771,0.2589025,1
2,36:26:9251,0.01514039,0.1274088,1
2,36:26:9446,0.3046912,0.2013562,1
2,36:26:9647,0.1489345,0.06638435,1
2,36:26:9847,0.06895875,0.1197591,1
2,36:27:0046,0.07023298,0.150358,1
2,36:27:0248,0.04954459,0.1135577,1
2,36:27:0447,0.1744191,0.1988063,1
2,36:27:0646,0.2202913,0.06876087,1
2,36:27:0848,0.1046372,0.01776267,1
2,36:27:1049,0.1607033,0.003911562,1
2,36:27:1247,0.2511736,0.1199325,1
2,36:27:1447,0.2129467,0.04836159,1
2,36:27:1645,0.09414262,0.01648772,1
2,36:27:1846,0.1667737,0.05856123,1
2,36:27:2045,0.0457219,0.1631075,1
2,36:27:2250,0.01259194,0.1363335,1
2,36:27:2450,0.08042681,0.002463213,1
2,36:27:2646,0.1068849,0.02176093,1
2,36:27:2846,0.06768452,0.2383299,1
2,36:27:3046,0.02563495,0.2589025,1
2,36:27:3248,0.08140033,0.01393781,1
2,36:27:3449,0.1466867,0.02431084,1
2,36:27:3650,0.06483534,0.02431084,1
2,36:27:3850,0.1670744,0.1235839,1
2,36:27:4047,0.01544111,0.07403409,1
2,36:27:4255,0.05591574,0.5444925,1
2,36:27:4447,0.1734456,0.1235839,1
2,36:27:4647,0.08394878,0.005186517,1
2,36:27:4847,0.4764115,0.01283625,1
2,36:27:5048,0.03710301,0.06366105,1
2,36:27:5250,0.01161842,0.06621096,1
2,36:27:5449,0.1492352,0.1745821,1
2,36:27:5647,0.0673838,0.1250323,1
2,36:27:5847,0.3171328,0.1224824,1
2,36:27:6048,0.005247277,0.0623861,1
2,36:27:6252,0.07757764,0.1388834,1
2,36:27:6449,0.4076031,0.06893426,1
2,36:27:6648,0.03170538,0.2574542,1
2,36:27:6847,0.0842495,0.01648772,1
2,36:27:7048,0.01671534,0.149083,1
2,36:27:7249,0.3324235,0.3161021,1
2,36:27:7449,0.242254,0.04198682,1
2,36:27:7650,0.1578541,0.06638435,1
2,36:27:7849,0.0584642,0.03816195,1
2,36:27:8051,0.1823652,0.1274088,1
2,36:27:8257,0.0023981,0.1798553,1
2,36:27:8451,0.01896308,0.1478081,1
2,36:27:8649,0.04317344,0.09188345,1
2,36:27:8850,0.09031993,0.01266285,1
2,36:27:9051,0.1033629,0.04963655,1
2,36:27:9251,0.2113717,0.05108489,1
2,36:27:9465,0.1415898,0.0254124,1
2,36:27:9649,0.4381846,0.3073508,1
2,36:27:9847,0.06228688,0.1849552,1
2,36:28:0050,0.02308649,0.05728628,1
2,36:28:0247,0.01289265,0.1556312,1
2,36:28:0446,0.1976559,0.07513565,1
2,36:28:0644,0.0320061,0.09570832,1
2,36:28:0845,0.1008145,0.02686075,1
2,36:28:1046,0.01161842,0.03306213,1
2,36:28:1245,0.2750832,0.1019097,1
2,36:28:1445,0.4805349,0.1031847,1
2,36:28:1649,0.129821,0.08023547,1
2,36:28:1844,0.09796531,0.07913391,1
2,36:28:2046,0.1938332,0.05728628,1
2,36:28:2250,0.2432275,0.1696557,1
2,36:28:2446,0.3390954,0.7852855,1
2,36:28:2646,0.490428,0.02431084,1
2,36:28:2848,0.03935075,0.06638435,1
2,36:28:3048,0.1390414,0.1911566,1
2,36:28:3252,0.1107076,0.1747555,1
2,36:28:3446,0.3964357,0.03068561,1
2,36:28:3645,0.240679,0.02286249,1
2,36:28:3850,0.1976559,0.01521276,1
2,36:28:4048,0.1033629,0.0764106,1
2,36:28:4247,0.44583,0.1722056,1
2,36:28:4447,0.225689,0.01921102,1
2,36:28:4646,0.2470502,0.09171006,1
2,36:28:4845,0.1871614,0.04726003,1
2,36:28:5047,0.1301218,0.07768556,1
2,36:28:5248,0.1310953,0.3173771,1
2,36:28:5447,0.07757764,0.07896051,1
2,36:28:5645,0.01161842,0.06893426,1
2,36:28:5846,0.007795736,0.1110078,1
2,36:28:6047,0.3607573,0.09953319,1
2,36:28:6251,0.1705964,0.0651094,1
2,36:28:6446,0.2435282,0.1235839,1
2,36:28:6646,0.03455455,0.07785895,1
2,36:28:6846,0.1400149,0.05346141,1
2,36:28:7047,0.03710301,0.06876087,1
2,36:28:7252,0.1693222,0.1569062,1
2,36:28:7450,0.3709511,0.05473636,1
2,36:28:7647,0.1071856,0.2255803,1
2,36:28:7846,0.2215656,0.009011381,1
2,36:28:8048,0.114831,0.132682,1
2,36:28:8250,0.1756933,0.1122827,1
2,36:28:8448,0.08140033,0.06621096,1
2,36:28:8698,0.007795736,0.003911562,1
2,36:28:8849,0.1221757,0.160731,1
2,36:28:9051,0.7618389,0.01283625,1
2,36:28:9248,0.1132561,0.1173825,1
2,36:28:9451,0.2231405,1.031352,1
2,36:28:9648,0.01641462,0.5353944,1
2,36:28:9849,0.09923954,0.08168381,1
2,36:29:0052,0.4155492,0.05745967,1
2,36:29:0257,0.08649724,0.1008081,1
2,36:29:0452,0.3747738,0.2332301,1
2,36:29:0649,0.006521506,0.0536348,1
2,36:29:0848,0.2011779,0.2882265,1
2,36:29:1050,0.1196272,0.02176093,1
2,36:29:1267,0.3375205,0.07513565,1
2,36:29:1453,0.2524478,0.3685487,1
2,36:29:1646,0.1798167,0.1707573,1
2,36:29:1846,0.1209014,0.03433709,1
2,36:29:2046,0.1466867,0.02413745,1
2,36:29:2247,0.03807652,0.2576276,1
2,36:29:2447,0.1607033,0.03323552,1
2,36:29:2647,0.01034419,0.4690967,1
2,36:29:2844,0.2597924,0.2372283,1
2,36:29:3046,0.02436072,0.1962564,1
2,36:29:3246,0.1502087,0.1811303,1
2,36:29:3446,0.2473509,0.07003582,1
2,36:29:3645,0.212646,0.1696557,1
2,36:29:3848,0.101788,0.2295786,1
2,36:29:4047,0.2585182,0.3825732,1
2,36:29:4246,0.2253882,0.07148417,1
2,36:29:4449,0.3097881,0.09808484,1
2,36:29:4647,0.07405566,0.03051222,1
2,36:29:4846,0.1046372,0.2091793,1
2,36:29:5046,0.06513606,0.06366105,1
2,36:29:5248,0.1642252,0.07896051,1
2,36:29:5446,0.4445557,0.1376084,1
2,36:29:5645,0.04602262,0.04963655,1
2,36:29:5845,0.2253882,0.06765931,1
2,36:29:6045,0.303417,0.1886066,1
2,36:29:6249,0.0457219,0.09570832,1
2,36:29:6445,0.1900105,0.04198682,1
2,36:29:6647,0.1428641,0.2550777,1
2,36:29:6849,0.1438376,0.1403317,1
2,36:29:7046,0.05209305,0.01283625,1
2,36:29:7250,0.1068849,0.02941066,1
2,36:29:7447,0.07532989,0.1172092,1
2,36:29:7645,0.04827036,0.06255949,1
2,36:29:7845,0.05718996,0.1734806,1
2,36:29:8046,0.1782418,0.02796231,1
2,36:29:8247,0.3120359,0.1875051,1
2,36:29:8448,0.3085139,0.05856123,1
2,36:29:8645,0.04219993,0.02941066,1
2,36:29:8846,0.01896308,0.2370549,1
2,36:29:9046,0.2065755,0.2102809,1
2,36:29:9247,0.006220788,0.076584,1
2,36:29:9450,0.2814544,0.05728628,1
2,36:29:9646,0.06356111,0.001361652,1
2,36:29:9846,0.1807902,0.1530813,1
2,36:30:0049,0.3301758,0.02413745,1
2,36:30:0247,0.3566339,0.04343516,1
2,36:30:0449,0.2027528,0.03816195,1
2,36:30:0647,0.2511736,0.1505314,1
2,36:30:0847,0.06228688,0.5661667,1
2,36:30:1050,0.05336728,0.1989797,1
2,36:30:1250,0.01641462,0.2028045,1
2,36:30:1448,0.2266625,0.2268553,1
2,36:30:1647,0.05209305,0.01011294,1
2,36:30:1850,0.03807652,0.2678272,1
2,36:30:2049,0.03073187,0.006461472,1
2,36:30:2250,0.1094334,0.1019097,1
2,36:30:2449,0.2651901,0.349251,1
2,36:30:2649,0.01034419,0.007736427,1
2,36:30:2849,0.08170104,0.04326177,1
2,36:30:3063,0.2613674,0.02158754,1
2,36:30:3257,0.08267456,0.1505314,1
2,36:30:3450,0.2193178,0.2574542,1
2,36:30:3647,0.3069389,0.105908,1
2,36:30:3847,0.2228398,0.1008081,1
2,36:30:4047,0.01671534,0.0396103,1
2,36:30:4247,0.1387406,0.006288078,1
2,36:30:4444,0.2677386,0.1656574,1
2,36:30:4645,0.03073187,0.04471012,1
2,36:30:4844,0.1810909,0.02286249,1
2,36:30:5045,0.08934642,0.06111114,1
2,36:30:5247,0.0368023,0.1492564,1
2,36:30:5448,0.3964357,0.1172092,1
2,36:30:5654,0.02151154,0.06366105,1
2,36:30:5845,0.0457219,0.001361652,1
2,36:30:6044,0.1798167,0.0623861,1
2,36:30:6244,0.00112387,0.07403409,1
2,36:30:6448,0.1173795,0.09935979,1
2,36:30:6645,0.1387406,0.178407,1
2,36:30:6845,0.00112387,0.07003582,1
2,36:30:7047,0.09669108,0.2434297,1
2,36:30:7246,0.06101266,0.09570832,1
2,36:30:7446,0.2728355,0.01776267,1
2,36:30:7644,0.225689,0.008837988,1
2,36:30:7844,0.1310953,0.02158754,1
2,36:30:8045,0.04347416,0.04453672,1
2,36:30:8246,0.09923954,0.1862301,1
2,36:30:8448,0.2511736,0.09298501,1
2,36:30:8644,0.06895875,0.558517,1
2,36:30:8845,0.05239376,0.09570832,1
2,36:30:9046,0.1505094,0.04453672,1
2,36:30:9247,0.04444767,0.2232038,1
2,36:30:9449,0.04444767,0.1199325,1
2,36:30:9646,0.06101266,0.02923727,1
2,36:30:9845,0.01514039,0.02031258,1
2,36:31:0047,0.303417,0.2115558,1
2,36:31:0247,0.01259194,0.005186517,1
2,36:31:0449,0.3161592,0.6463155,1
2,36:31:0647,0.006521506,0.178407,1
2,36:31:0846,0.2307859,0.09553492,1
2,36:31:1045,0.09062065,0.08423372,1
2,36:31:1249,0.05973842,0.1403317,1
2,36:31:1448,0.2944974,0.1299587,1
2,36:31:1646,0.05718996,0.02286249,1
2,36:31:1846,0.02308649,0.07258573,1
2,36:31:2048,0.06101266,0.07403409,1
2,36:31:2249,0.006220788,0.08933354,1
2,36:31:2448,0.33145,0.2319551,1
2,36:31:2648,0.363005,0.03833535,1
2,36:31:2848,0.07278144,0.04598508,1
2,36:31:3047,0.1810909,0.04581168,1
2,36:31:3248,0.06993226,0.04216021,1
2,36:31:3452,0.3684027,0.2984262,1
2,36:31:3647,0.05591574,0.2703772,1
2,36:31:3847,0.02053803,0.1835068,1
2,36:31:4051,0.04602262,0.03306213,1
2,36:31:4253,0.09796531,0.0536348,1
2,36:31:4451,0.1364929,0.05983619,1
2,36:31:4649,0.0023981,0.04326177,1
2,36:31:4864,0.06895875,0.03943691,1
2,36:31:5051,0.1364929,0.01283625,1
2,36:31:5249,0.225689,0.1696557,1
2,36:31:5448,0.196081,0.03561204,1
2,36:31:5645,0.02181226,0.06893426,1
2,36:31:5844,0.06386183,0.3237519,1
2,36:31:6045,0.2244147,0.1671058,1
2,36:31:6249,0.01004348,0.1924315,1
2,36:31:6446,0.2116724,0.05108489,1
2,36:31:6644,0.05494222,0.1414333,1
2,36:31:6845,0.06768452,0.178407,1
2,36:31:7044,0.2180436,0.1569062,1
2,36:31:7245,0.2967451,0.03196057,1
2,36:31:7445,0.5149391,0.2652773,1
2,36:31:7643,0.003973047,0.206456,1
2,36:31:7846,0.1721713,0.05745967,1
2,36:31:8044,0.4254423,0.064936,1
2,36:31:8247,0.0368023,0.105908,1
2,36:31:8444,0.2881262,0.02431084,1
2,36:31:8647,0.1747198,0.1186575,1
2,36:31:8845,0.05111954,0.04708664,1
2,36:31:9045,0.3862419,0.3569007,1
2,36:31:9249,0.08267456,0.03323552,1
2,36:31:9446,0.1798167,0.1669324,1
2,36:31:9643,0.02406,0.036887,1
2,36:31:9844,0.08042681,0.1811303,1
2,36:32:0046,0.1326702,0.0509115,1
2,36:32:0245,0.01386616,0.08933354,1
2,36:32:0448,0.2639159,0.0113879,1
2,36:32:0645,0.05081882,0.2155541,1
2,36:32:0844,0.1390414,0.04071186,1
2,36:32:1044,0.2078498,0.09298501,1
2,36:32:1247,0.06003914,0.0113879,1
2,36:32:1449,0.2269632,0.1299587,1
2,36:32:1643,0.03043115,0.2232038,1
2,36:32:1844,0.1428641,0.04198682,1
2,36:32:2046,0.1224764,8.669693E-05,1
2,36:32:2246,0.02023731,0.002636607,1
2,36:32:2446,0.2295117,0.1452582,1
2,36:32:2645,0.0673838,0.03068561,1
2,36:32:2845,0.2779324,0.01393781,1
2,36:32:3045,0.06513606,0.01776267,1
2,36:32:3247,0.01896308,0.009011381,1
2,36:32:3450,0.2435282,0.1286837,1
2,36:32:3645,0.01641462,0.003738168,1
2,36:32:3846,0.009069965,0.1082845,1
2,36:32:4046,0.2167694,0.03561204,1
2,36:32:4249,0.04189921,0.02048598,1
2,36:32:4445,0.3492892,0.2243054,1
2,36:32:4644,0.209124,0.04598508,1
2,36:32:4847,0.05464151,0.07896051,1
2,36:32:5047,0.2613674,0.1337836,1
2,36:32:5249,0.03297961,0.04598508,1
2,36:32:5454,0.2205921,0.3390513,1
2,36:32:5661,0.02788269,0.1671058,1
2,36:32:5852,0.1364929,0.1363335,1
2,36:32:6054,0.08042681,0.04836159,1
2,36:32:6250,0.02818341,0.2538027,1
2,36:32:6449,0.2728355,0.01903763,1
2,36:32:6679,0.03965147,0.02941066,1
2,36:32:6853,0.1122826,0.06383444,1
2,36:32:7048,0.1212022,0.08788519,1
2,36:32:7248,0.02023731,0.1237573,1
2,36:32:7448,0.2549962,0.1082845,1
2,36:32:7646,0.06356111,0.04343516,1
2,36:32:7844,0.1415898,0.02796231,1
2,36:32:8047,0.07787836,0.08023547,1
2,36:32:8250,0.06131337,0.001361652,1
2,36:32:8453,0.3008685,0.03178718,1
2,36:32:8646,0.07120649,0.07275913,1
2,36:32:8846,0.131396,0.1733072,1
2,36:32:9043,0.08297528,0.009011381,1
2,36:32:9252,0.04317344,0.07403409,1
2,36:32:9450,0.2524478,0.2600041,1
2,36:32:9643,0.04444767,0.3250268,1
2,36:32:9847,0.08170104,0.04326177,1
2,36:33:0045,0.09571756,0.3084524,1
2,36:33:0247,0.05973842,0.6348408,1
2,36:33:0448,0.2817551,0.4168236,1
2,36:33:0646,0.004946559,0.318652,1
2,36:33:0846,0.1339445,0.3084524,1
2,36:33:1050,0.02436072,0.2793018,1
2,36:33:1252,0.129821,0.1299587,1
2,36:33:1451,0.02151154,0.08040886,1
2,36:33:1643,0.2330336,0.08661024,1
2,36:33:1844,0.0192638,0.1835068,1
2,36:33:2046,0.08042681,0.04708664,1
2,36:33:2247,0.05718996,0.04980994,1
2,36:33:2444,0.7656615,0.1235839,1
2,36:33:2645,0.0584642,0.162006,1
2,36:33:2845,0.02308649,0.1414333,1
2,36:33:3046,0.7044985,0.0254124,1
2,36:33:3249,0.5719786,0.03051222,1
2,36:33:3448,0.7223377,0.1095594,1
2,36:33:3647,0.01514039,0.08423372,1
2,36:33:3845,0.09062065,0.6246412,1
2,36:33:4048,0.2524478,0.02431084,1
2,36:33:4250,1.370921,0.1403317,1
2,36:33:4448,0.3301758,0.06111114,1
2,36:37:4845,0.0457219,0.04980994,0
2,36:37:5045,0.09062065,0.09425997,0
2,36:37:5249,0.0890457,0.006288078,0
2,36:37:5444,0.3008685,0.3709252,0
2,36:37:5644,0.05209305,0.0396103,0
2,36:37:5844,0.08777148,0.03578544,0
2,36:37:6044,0.1377671,0.1350585,0
2,36:37:6246,0.134918,0.2716521,0
2,36:37:6447,0.314885,0.1554578,0
2,36:37:6643,0.08522301,0.001361652,0
2,36:37:6842,0.0584642,0.002636607,0
2,36:37:7045,0.1161052,0.08151042,0
2,36:37:7248,0.118353,0.2206539,0
2,36:37:7447,0.3187077,0.1669324,0
2,36:37:7643,0.07375495,0.02303589,0
2,36:37:7841,0.04827036,0.1388834,0
2,36:37:8043,0.09316911,0.07131078,0
2,36:37:8245,0.04827036,0.121034,1
2,36:37:8446,0.2817551,0.1656574,1
2,36:37:8643,0.146386,0.02941066,1
2,36:37:8845,0.07248072,0.005186517,1
2,36:37:9044,0.1199279,0.0396103,1
2,36:37:9251,0.1030622,0.1656574,1
2,36:37:9450,0.2753839,0.1911566,1
2,36:37:9643,0.07248072,0.1416067,1
2,36:37:9849,0.04699613,0.005013123,1
2,36:38:0045,0.09826603,0.006288078,1
2,36:38:0248,0.1234499,0.003738168,1
2,36:38:0450,0.242254,0.4410477,1
2,36:38:0644,0.0584642,0.07403409,1
2,36:38:0843,0.09159416,0.02031258,1
2,36:38:1045,0.07023298,0.1350585,1
2,36:38:1250,0.1030622,0.2459796,1
2,36:38:1449,0.2218663,0.2765785,1
2,36:38:1646,0.06865803,0.3379498,1
2,36:38:1845,0.02533423,0.1248589,1
2,36:38:2047,0.1110083,0.1428816,1
2,36:38:2247,0.07248072,0.4259216,1
2,36:38:2455,0.2409797,0.3237519,1
2,36:38:2645,0.06610958,0.2028045,1
2,36:38:2845,0.01386616,0.07403409,1
2,36:38:3044,0.1008145,0.002636607,1
2,36:38:3250,0.1412891,0.2308535,1
2,36:38:3450,0.02818341,0.01793607,1
2,36:38:3645,0.1081591,0.3150006,1
2,36:38:3848,0.134918,0.1722056,1
2,36:38:4049,0.06228688,0.1937065,1
2,36:38:4249,0.1212022,0.07403409,1
2,36:38:4449,0.2282374,0.1006347,1
2,36:38:4648,0.02788269,0.5597919,1
2,36:38:4845,0.02533423,0.1709307,1
2,36:38:5047,0.04444767,0.1479815,1
2,36:38:5249,0.1323695,0.01156129,1
2,36:38:5452,0.4180976,0.1541829,1
2,36:38:5660,0.053668,0.01266285,1
2,36:38:5848,0.0890457,0.09425997,1
2,36:38:6044,0.07150721,0.09443336,1
2,36:38:6244,0.09541685,0.09570832,1
2,36:38:6449,0.2763574,0.1439832,1
2,36:38:6642,0.007795736,0.01903763,1
2,36:38:6845,0.04347416,0.2523544,1
2,36:38:7042,0.03965147,0.06366105,1
2,36:38:7245,0.06483534,0.1097328,1
2,36:38:7447,0.0023981,0.1057346,1
2,36:38:7645,0.04474839,0.0113879,1
2,36:38:7845,0.003672329,0.1070095,1
2,36:38:8042,0.05209305,0.05856123,1
2,36:38:8247,0.05876491,0.08788519,1
2,36:38:8444,0.1056107,0.07258573,1
2,36:38:8645,0.08394878,0.05983619,1
2,36:38:8841,0.01161842,0.04853499,1
2,36:38:9042,0.07532989,0.03833535,1
2,36:38:9244,0.03935075,0.01921102,1
2,36:38:9450,0.03328032,0.07386069,1
2,36:38:9643,0.06993226,0.04963655,1
2,36:38:9843,0.02436072,0.08023547,1
2,36:39:0042,0.07023298,0.03943691,1
2,36:39:0245,0.04827036,0.1199325,1
2,36:39:0444,0.1658002,0.01393781,1
2,36:39:0642,0.05336728,0.02286249,1
2,36:39:0841,0.1259983,0.1122827,1
2,36:39:1042,0.1237506,0.09935979,1
2,36:39:1247,0.04954459,0.07403409,1
2,36:39:1442,0.1326702,0.09425997,1
2,36:39:1642,0.06101266,0.2753036,1
2,36:39:1841,0.1084599,0.036887,1
2,36:39:2043,0.0969918,0.02796231,1
2,36:39:2246,0.2177429,0.1159342,1
2,36:39:2448,0.06386183,0.07386069,1
2,36:39:2641,0.07660413,0.2268553,1
2,36:39:2842,0.02690918,0.02286249,1
2,36:39:3045,0.2154951,0.0906085,1
2,36:39:3244,0.01131771,0.05745967,1
2,36:39:3449,0.1199279,0.06876087,1
2,36:39:3643,0.04062498,0.02686075,1
2,36:39:3842,0.01514039,0.2472546,1
2,36:39:4042,0.01416688,0.01666111,1
2,36:39:4252,0.1119818,0.01283625,1
2,36:39:4450,0.04444767,0.03178718,1
2,36:39:4654,0.003973047,0.02176093,1
2,36:39:4842,0.006220788,0.02686075,1
2,36:39:5043,0.08552373,0.007563033,1
2,36:39:5246,0.08522301,0.1250323,1
2,36:39:5449,0.04219993,0.05856123,1
2,36:39:5644,0.3387947,0.04853499,1
2,36:39:5844,0.0890457,0.09570832,1
2,36:39:6043,0.1135568,0.1133843,1
2,36:39:6245,0.2448024,0.02796231,1
2,36:39:6448,0.003973047,0.08423372,1
2,36:39:6644,0.1262991,0.133957,1
2,36:39:6845,0.00112387,0.1658308,1
2,36:39:7045,0.01386616,0.0396103,1
2,36:39:7251,0.2419532,0.03323552,1
2,36:39:7460,0.101788,0.1707573,1
2,36:39:7648,0.1158045,0.01776267,1
2,36:39:7842,0.01289265,0.2128308,1
2,36:39:8042,0.2053013,0.1337836,1
2,36:39:8244,0.1415898,0.03433709,1
2,36:39:8443,0.2677386,0.07386069,1
2,36:39:8643,0.1364929,0.04453672,1
2,36:39:8842,0.1081591,0.1275822,1
2,36:39:9043,0.3426174,0.04581168,1
2,36:39:9246,0.0192638,0.07020922,1
2,36:39:9449,0.1084599,0.1645559,1
2,36:39:9643,0.07120649,0.01903763,1
2,36:39:9841,0.6828366,0.01156129,1
2,36:40:0042,0.2190171,0.1875051,1
2,36:40:0244,0.07915258,0.07386069,1
2,36:40:0450,0.0368023,0.2448781,1
2,36:40:0642,0.1005138,0.2270287,1
2,36:40:0842,0.1068849,0.03178718,1
2,36:40:1043,0.5541394,0.05983619,1
2,36:40:1244,0.1068849,0.04726003,1
2,36:40:1445,0.1973552,0.2423281,1
2,36:40:1645,0.134918,0.09171006,1
2,36:40:1841,0.1454125,0.2434297,1
2,36:40:2041,0.3161592,0.1044596,1
2,36:40:2243,0.07630341,0.3150006,1
2,36:40:2442,0.1836394,0.07275913,1
2,36:40:2640,0.1387406,0.09935979,1
2,36:40:2841,0.06101266,0.03816195,1
2,36:40:3045,0.1591283,0.1082845,1
2,36:40:3244,0.4063288,0.1722056,1
2,36:40:3445,0.02533423,0.006461472,1
2,36:40:3643,0.09286839,0.0623861,1
2,36:40:3841,0.06228688,0.08040886,1
2,36:40:4040,0.03710301,0.1097328,1
2,36:40:4243,0.2266625,0.1479815,1
2,36:40:4445,0.0368023,0.02413745,1
2,36:40:4645,0.02023731,0.07403409,1
2,36:40:4842,0.2967451,0.02303589,1
2,36:40:5044,0.2100975,0.09425997,1
2,36:40:5244,0.6484324,0.1363335,1
2,36:40:5443,0.175994,0.01921102,1
2,36:40:5645,0.002698818,0.1082845,1
2,36:40:5842,0.01386616,0.2727537,1
2,36:40:6043,0.1565799,0.1082845,1
2,36:40:6245,0.04699613,0.122309,1
2,36:40:6446,0.2470502,0.1745821,1
2,36:40:6654,0.2546955,0.1569062,1
2,36:40:6841,0.3604566,0.07913391,1
2,36:40:7042,0.06768452,0.179682,1
2,36:40:7245,0.01768885,0.02303589,1
2,36:40:7447,0.00112387,0.0536348,1
2,36:40:7648,0.0023981,0.04071186,1
2,36:40:7845,0.1043365,0.1962564,1
2,36:40:8043,0.3594831,0.1388834,1
2,36:40:8246,0.3273266,0.01921102,1
2,36:40:8445,0.01671534,0.06748591,1
2,36:40:8645,0.06131337,0.1020831,1
2,36:40:8844,0.257244,0.09171006,1
2,36:40:9044,0.06513606,0.001188258,1
2,36:40:9260,0.06228688,0.05218646,1
2,36:40:9454,0.02181226,0.03451048,1
2,36:40:9646,0.001424588,0.006288078,1
2,36:40:9842,0.02660846,0.07896051,1
2,36:41:0040,0.2027528,0.04326177,1
2,36:41:0242,0.1846129,0.1580077,1
2,36:41:0444,0.08140033,0.01283625,1
2,36:41:0643,0.00112387,0.2702037,1
2,36:41:0842,0.08777148,0.2459796,1
2,36:41:1040,0.05239376,0.08533528,1
2,36:41:1244,0.179516,0.007736427,1
2,36:41:1453,0.03710301,0.03323552,1
2,36:41:1647,0.06228688,0.1658308,1
2,36:41:1843,0.04474839,0.0255858,1
2,36:41:2041,0.1275733,0.09171006,1
2,36:41:2243,0.02436072,0.01648772,1
2,36:41:2445,0.001424588,0.1416067,1
2,36:41:2645,0.1415898,0.04836159,1
2,36:41:2843,0.2024521,0.04216021,1
2,36:41:3042,0.03710301,0.1569062,1
2,36:41:3243,0.1081591,0.09443336,1
2,36:41:3446,0.07405566,0.06366105,1
2,36:41:3646,0.04984531,0.06638435,1
2,36:41:3840,0.1030622,0.0536348,1
2,36:41:4041,0.1008145,0.1197591,1
2,36:41:4243,0.1935325,0.1428816,1
2,36:41:4447,0.1568806,0.02048598,1
2,36:41:4644,0.02278577,0.04071186,1
