1,35:54:1664,-0.00906301,-0.09118186,0
1,35:54:1862,-0.009870875,-0.09077784,0
1,35:54:2062,-0.01022159,-0.09093457,0
1,35:54:2261,-0.01127225,-0.08996575,0
1,35:54:2463,-0.01301349,-0.0910463,0
1,35:54:2664,-0.01472976,-0.08982058,0
1,35:54:2861,-0.01706042,-0.08804414,0
1,35:54:3062,-0.01912981,-0.08606735,0
1,35:54:3264,-0.02126743,-0.08405471,0
1,35:54:3466,-0.02334232,-0.0822339,0
1,35:54:3664,-0.02509778,-0.07631929,0
1,35:54:3863,-0.02665013,-0.07275672,0
1,35:54:4062,-0.02704969,-0.07200722,0
1,35:54:4266,-0.02677076,-0.07114335,0
1,35:54:4465,-0.02589963,-0.06918302,0
1,35:54:4664,-0.02513899,-0.06574177,0
1,35:54:4863,-0.02447864,-0.0587312,0
1,35:54:5063,-0.02361085,-0.0533166,1
1,35:54:5267,-0.02254467,-0.04892134,1
1,35:54:5467,-0.02202297,-0.04439699,1
1,35:54:5665,-0.02126293,-0.03851126,1
1,35:54:5862,-0.02150456,-0.02944073,1
1,35:54:6063,-0.0201088,-0.02272276,1
1,35:54:6265,-0.01751105,-0.01620755,1
1,35:54:6464,-0.01422063,-0.01021526,1
1,35:54:6663,-0.0116207,-0.00561464,1
1,35:54:6865,-0.01081953,-0.003441856,1
1,35:54:7063,-0.009970992,-0.003478912,1
1,35:54:7265,-0.01063453,-0.003992709,1
1,35:54:7465,-0.01225619,-0.0002558001,1
1,35:54:7664,-0.01248116,0.003135819,1
1,35:54:7865,-0.01340993,0.005625819,1
1,35:54:8064,-0.01382319,0.004909819,1
1,35:54:8267,-0.01380056,0.002936834,1
1,35:54:8468,-0.01241837,-5.4222E-05,1
1,35:54:8665,-0.009607442,0.004248246,1
1,35:54:8863,-0.005531071,0.01928208,1
1,35:54:9080,0.006370007,0.04356573,1
1,35:54:9264,0.02800825,0.06649936,1
1,35:54:9467,0.05822796,0.1020993,1
1,35:54:9661,0.08441648,0.1514721,1
1,35:54:9858,0.1162248,0.2156092,1
1,35:55:0059,0.154853,0.2689025,1
1,35:55:0261,0.1924892,0.3134938,1
1,35:55:0463,0.2251421,0.3610828,1
1,35:55:0663,0.247849,0.4068106,1
1,35:55:0860,0.279517,0.4389425,1
1,35:55:1059,0.3120854,0.4636662,1
1,35:55:1262,0.3394233,0.4860201,1
1,35:55:1461,0.3626919,0.5065019,1
1,35:55:1663,0.4037676,0.5203542,1
1,35:55:1862,0.4361426,0.5399701,1
1,35:55:2060,0.4613686,0.5679295,1
1,35:55:2261,0.495378,0.5928326,1
1,35:55:2462,0.5386248,0.6052045,1
1,35:55:2662,0.5698759,0.620612,1
1,35:55:2860,0.5872397,0.6498052,1
1,35:55:3060,0.604235,0.6789539,1
1,35:55:3262,0.635969,0.6968959,1
1,35:55:3464,0.6591715,0.7194965,1
1,35:55:3664,0.6810299,0.7380062,1
1,35:55:3860,0.705152,0.7469998,1
1,35:55:4059,0.7151774,0.7658102,1
1,35:55:4262,0.7187911,0.7883849,1
1,35:55:4461,0.7296428,0.8041114,1
1,35:55:4661,0.7469414,0.8194232,1
1,35:55:4860,0.7573179,0.8330883,1
1,35:55:5059,0.7577302,0.8472378,1
1,35:55:5262,0.7556394,0.851355,1
1,35:55:5463,0.7490259,0.8463821,1
1,35:55:5664,0.7360029,0.8434224,1
1,35:55:5860,0.7198368,0.8429468,1
1,35:55:6059,0.7004248,0.8352069,1
1,35:55:6261,0.6759712,0.8166826,1
1,35:55:6462,0.6467143,0.7891279,1
1,35:55:6661,0.6190587,0.7636967,1
1,35:55:6861,0.5968661,0.744049,1
1,35:55:7060,0.5716392,0.7251152,1
1,35:55:7260,0.5426059,0.704356,1
1,35:55:7462,0.511385,0.6767634,1
1,35:55:7663,0.4804138,0.6459182,1
1,35:55:7861,0.4524841,0.6159614,1
1,35:55:8061,0.4313967,0.5852315,1
1,35:55:8260,0.4088964,0.5544051,1
1,35:55:8461,0.3854595,0.5255796,1
1,35:55:8666,0.3608801,0.5020415,1
1,35:55:8862,0.3381263,0.4782165,1
1,35:55:9061,0.3237306,0.4587186,1
1,35:55:9262,0.3113326,0.4539709,1
1,35:55:9468,0.2998188,0.4481669,1
1,35:55:9663,0.2863187,0.436587,1
1,35:55:9861,0.2693096,0.4217029,1
1,35:56:0061,0.2523862,0.4053699,1
1,35:56:0262,0.2354338,0.3906757,1
1,35:56:0468,0.2223167,0.3834456,1
1,35:56:0664,0.2100791,0.3857862,1
1,35:56:0875,0.2003038,0.3844563,1
1,35:56:1064,0.1909921,0.375295,1
1,35:56:1260,0.1796444,0.3643821,1
1,35:56:1464,0.1662272,0.3553186,1
1,35:56:1662,0.1559299,0.3481792,1
1,35:56:1858,0.1494417,0.3356592,1
1,35:56:2058,0.1437723,0.3246786,1
1,35:56:2260,0.1341327,0.3157285,1
1,35:56:2463,0.1259957,0.301251,1
1,35:56:2659,0.1184007,0.285229,1
1,35:56:2860,0.1093635,0.2666436,1
1,35:56:3060,0.09997775,0.2542068,1
1,35:56:3259,0.09781108,0.2450131,1
1,35:56:3464,0.1000722,0.2340761,1
1,35:56:3662,0.09781475,0.2250923,1
1,35:56:3860,0.09438609,0.223123,1
1,35:56:4059,0.09274497,0.216632,1
1,35:56:4261,0.09291089,0.2109725,1
1,35:56:4462,0.09219795,0.2101776,1
1,35:56:4661,0.09405982,0.2152331,1
1,35:56:4860,0.1005133,0.2239273,1
1,35:56:5059,0.1136478,0.2376908,1
1,35:56:5260,0.1333726,0.2518598,1
1,35:56:5462,0.1587739,0.2719302,1
1,35:56:5663,0.1803695,0.2903509,1
1,35:56:5858,0.1988688,0.3105541,1
1,35:56:6058,0.2150186,0.3244527,1
1,35:56:6260,0.2345026,0.3354188,1
1,35:56:6462,0.2495008,0.3439853,1
1,35:56:6660,0.2582612,0.3485172,1
1,35:56:6860,0.2624197,0.350226,1
1,35:56:7059,0.2631087,0.3505423,1
1,35:56:7262,0.2602534,0.3473748,1
1,35:56:7464,0.2571192,0.3451469,1
1,35:56:7661,0.257596,0.345722,1
1,35:56:7860,0.2612945,0.3438415,1
1,35:56:8060,0.2642958,0.3463661,1
1,35:56:8259,0.2623316,0.3557927,1
1,35:56:8467,0.2619851,0.3685103,1
1,35:56:8666,0.2644388,0.3797871,1
1,35:56:8862,0.2677152,0.3838811,1
1,35:56:9062,0.2714226,0.3836983,1
1,35:56:9261,0.278167,0.3779695,1
1,35:56:9465,0.282436,0.3749955,1
1,35:56:9661,0.2870848,0.3768746,1
1,35:56:9862,0.2902519,0.3753668,1
1,35:57:0061,0.2881725,0.3715527,1
1,35:57:0259,0.2818674,0.3627612,1
1,35:57:0469,0.2780364,0.3571203,1
1,35:57:0663,0.2791619,0.3518125,1
1,35:57:0862,0.2771893,0.3498363,1
1,35:57:1063,0.2722982,0.3468229,1
1,35:57:1260,0.2647589,0.3546933,1
1,35:57:1464,0.2572171,0.3608161,1
1,35:57:1662,0.2501433,0.3599651,1
1,35:57:1864,0.2419755,0.3579562,1
1,35:57:2061,0.2337408,0.3573278,1
1,35:57:2263,0.224384,0.3657159,1
1,35:57:2464,0.2196684,0.378479,1
1,35:57:2682,0.2195766,0.3852414,1
1,35:57:2866,0.2240544,0.3868448,1
1,35:57:3059,0.2262112,0.387522,1
1,35:57:3259,0.2230142,0.3868141,1
1,35:57:3464,0.2203749,0.3873721,1
1,35:57:3662,0.2176459,0.3835358,1
1,35:57:3859,0.2154859,0.3769071,1
1,35:57:4058,0.2113432,0.3760481,1
1,35:57:4257,0.2036085,0.3745681,1
1,35:57:4461,0.1967208,0.3711677,1
1,35:57:4663,0.1914969,0.3631997,1
1,35:57:4859,0.1861146,0.3516748,1
1,35:57:5059,0.1800056,0.3418485,1
1,35:57:5260,0.1720063,0.3331512,1
1,35:57:5464,0.166808,0.3266594,1
1,35:57:5662,0.1639695,0.3206257,1
1,35:57:5860,0.1600761,0.3137514,1
1,35:57:6060,0.1557789,0.3044119,1
1,35:57:6259,0.1511796,0.293393,1
1,35:57:6462,0.1500748,0.2821016,1
1,35:57:6660,0.1514473,0.2701834,1
1,35:57:6860,0.1496608,0.2602091,1
1,35:57:7059,0.1477829,0.2546788,1
1,35:57:7259,0.1464858,0.2489105,1
1,35:57:7463,0.1507057,0.2438808,1
1,35:57:7662,0.1539222,0.2365372,1
1,35:57:7859,0.1531098,0.2258096,1
1,35:57:8059,0.1527706,0.2188254,1
1,35:57:8260,0.1561194,0.2172127,1
1,35:57:8461,0.1643973,0.2120046,1
1,35:57:8662,0.1744228,0.2036222,1
1,35:57:8859,0.182316,0.1933997,1
1,35:57:9058,0.1864671,0.1820222,1
1,35:57:9259,0.1862565,0.1687738,1
1,35:57:9460,0.1822172,0.1561632,1
1,35:57:9662,0.1776079,0.1531614,1
1,35:57:9859,0.1761985,0.1524956,1
1,35:58:0059,0.1731818,0.1506408,1
1,35:58:0260,0.1683303,0.1483646,1
1,35:58:0468,0.1701418,0.1465794,1
1,35:58:0664,0.1789317,0.1476562,1
1,35:58:0862,0.1890327,0.1560277,1
1,35:58:1061,0.1988693,0.172436,1
1,35:58:1260,0.2256348,0.1915186,1
1,35:58:1467,0.2491981,0.2191783,1
1,36:02:1660,0.01034081,-0.1051402,0
1,36:02:1857,0.01062193,-0.1065246,0
1,36:02:2057,0.01097643,-0.1070949,0
1,36:02:2256,0.01197316,-0.1080172,0
1,36:02:2458,0.0119292,-0.1058111,0
1,36:02:2660,0.01396681,-0.1049444,0
1,36:02:2860,0.01543239,-0.1045891,0
1,36:02:3056,0.01605192,-0.1038373,0
1,36:02:3265,0.0181067,-0.1016816,0
1,36:02:3465,0.02103333,-0.09858007,0
1,36:02:3660,0.02524074,-0.09609525,0
1,36:02:3861,0.02726289,-0.09215956,0
1,36:02:4058,0.02856814,-0.08926321,0
1,36:02:4260,0.03074289,-0.08652477,0
1,36:02:4462,0.03040381,-0.08267045,0
1,36:02:4661,0.0304593,-0.08081333,0
1,36:02:4859,0.03068021,-0.07866699,0
1,36:02:5059,0.03086302,-0.07757854,1
1,36:02:5258,0.03133659,-0.0777457,1
1,36:02:5461,0.03108009,-0.07681137,1
1,36:02:5664,0.03214788,-0.07507697,1
1,36:02:5861,0.03356659,-0.07534471,1
1,36:02:6057,0.03402137,-0.07502545,1
1,36:02:6259,0.03623042,-0.07221226,1
1,36:02:6461,0.04470207,-0.06925717,1
1,36:02:6659,0.06058535,-0.06680905,1
1,36:02:6860,0.08489843,-0.06177308,1
1,36:02:7058,0.1085607,-0.04532715,1
1,36:02:7258,0.1320108,-0.01868985,1
1,36:02:7460,0.1698363,0.0098325,1
1,36:02:7664,0.2081144,0.03424137,1
1,36:02:7859,0.2338932,0.05637087,1
1,36:02:8058,0.2515974,0.07607285,1
1,36:02:8259,0.2680596,0.1044196,1
1,36:02:8459,0.2898774,0.1378106,1
1,36:02:8661,0.3227128,0.1665515,1
1,36:02:8859,0.3469305,0.1929583,1
1,36:02:9059,0.3629513,0.2242112,1
1,36:02:9260,0.3814238,0.2556803,1
1,36:02:9460,0.4141955,0.2846756,1
1,36:02:9660,0.4463715,0.3082068,1
1,36:02:9858,0.4697913,0.3312853,1
1,36:03:0060,0.4851836,0.353203,1
1,36:03:0259,0.4997649,0.3814119,1
1,36:03:0460,0.5165043,0.4106493,1
1,36:03:0711,0.5308591,0.4440934,1
1,36:03:0861,0.5406286,0.4715037,1
1,36:03:1058,0.5459631,0.5078854,1
1,36:03:1259,0.5466446,0.5546925,1
1,36:03:1458,0.5473734,0.5982817,1
1,36:03:1679,0.5673072,0.6436973,1
1,36:03:1861,0.58214,0.678738,1
1,36:03:2056,0.5917494,0.7061996,1
1,36:03:2257,0.5944273,0.7472827,1
1,36:03:2457,0.6026391,0.7802413,1
1,36:03:2656,0.6077292,0.8024943,1
1,36:03:2856,0.6069385,0.8289845,1
1,36:03:3055,0.5996825,0.8586654,1
1,36:03:3257,0.593051,0.8836435,1
1,36:03:3458,0.5892838,0.8978819,1
1,36:03:3663,0.588496,0.9064929,1
1,36:03:3856,0.5871128,0.9111435,1
1,36:03:4056,0.5820263,0.9220105,1
1,36:03:4256,0.5743511,0.9357022,1
1,36:03:4459,0.57129,0.9466235,1
1,36:03:4658,0.5681666,0.9504282,1
1,36:03:4856,0.569472,0.9480412,1
1,36:03:5056,0.5737383,0.9559216,1
1,36:03:5256,0.5775525,0.9758283,1
1,36:03:5460,0.5748932,0.9892942,1
1,36:03:5657,0.5764083,1.003159,1
1,36:03:5859,0.5811875,1.012451,1
1,36:03:6056,0.5802964,1.010718,1
1,36:03:6257,0.5779319,1.006564,1
1,36:03:6458,0.5693123,1.005164,1
1,36:03:6660,0.5570436,1.003548,1
1,36:03:6858,0.5457693,0.9956995,1
1,36:03:7058,0.5333747,0.979072,1
1,36:03:7257,0.5205108,0.9571434,1
1,36:03:7458,0.500883,0.9307927,1
1,36:03:7658,0.4840452,0.9044326,1
1,36:03:7863,0.4706337,0.8772345,1
1,36:03:8058,0.4564379,0.8459405,1
1,36:03:8258,0.4402125,0.8089423,1
1,36:03:8458,0.4192821,0.7759143,1
1,36:03:8658,0.4001248,0.743105,1
1,36:03:8857,0.3848976,0.7085635,1
1,36:03:9056,0.3682377,0.6726985,1
1,36:03:9257,0.3504722,0.6413412,1
1,36:03:9460,0.3301278,0.6199878,1
1,36:03:9661,0.312704,0.5956054,1
1,36:03:9857,0.2981399,0.567574,1
1,36:04:0060,0.2820418,0.5386061,1
1,36:04:0256,0.264478,0.5110268,1
1,36:04:0459,0.2510422,0.4842213,1
1,36:04:0657,0.2397342,0.4569189,1
1,36:04:0859,0.2286966,0.4329942,1
1,36:04:1057,0.2162782,0.4089334,1
1,36:04:1258,0.2052428,0.3870094,1
1,36:04:1458,0.2005062,0.3710828,1
1,36:04:1661,0.2006294,0.363993,1
1,36:04:1859,0.2045149,0.364873,1
1,36:04:2057,0.205861,0.3660299,1
1,36:04:2257,0.2120431,0.3640143,1
1,36:04:2460,0.2169732,0.3602729,1
1,36:04:2660,0.2239699,0.3716866,1
1,36:04:2861,0.2358531,0.3817782,1
1,36:04:3059,0.2465505,0.3857205,1
1,36:04:3257,0.2537148,0.3901001,1
1,36:04:3476,0.260281,0.4025905,1
1,36:04:3664,0.2681707,0.4133859,1
1,36:04:3859,0.2762741,0.4188509,1
1,36:04:4055,0.2782857,0.4227106,1
1,36:04:4257,0.2819159,0.4293511,1
1,36:04:4456,0.2844242,0.4427586,1
1,36:04:4658,0.291078,0.446963,1
1,36:04:4855,0.2991489,0.4472152,1
1,36:04:5054,0.3045148,0.4471324,1
1,36:04:5254,0.306297,0.4526586,1
1,36:04:5455,0.3044405,0.4557152,1
1,36:04:5659,0.3053742,0.4601766,1
1,36:04:5856,0.3070214,0.464785,1
1,36:04:6054,0.3071502,0.4735528,1
1,36:04:6254,0.3055521,0.4749728,1
1,36:04:6458,0.3017395,0.4788012,1
1,36:04:6660,0.2977959,0.4843221,1
1,36:04:6857,0.2937792,0.4938181,1
1,36:04:7055,0.2915672,0.4990654,1
1,36:04:7256,0.2870187,0.5079905,1
1,36:04:7455,0.2814507,0.516992,1
1,36:04:7658,0.2763234,0.5286694,1
1,36:04:7856,0.2715076,0.5397303,1
1,36:04:8055,0.2654572,0.5497388,1
1,36:04:8255,0.2601835,0.5560509,1
1,36:04:8458,0.2540498,0.5609574,1
1,36:04:8661,0.2481816,0.5689431,1
1,36:04:8860,0.2480934,0.5872399,1
1,36:04:9059,0.2502022,0.6027089,1
1,36:04:9256,0.2524962,0.6127921,1
1,36:04:9458,0.2532917,0.6186069,1
1,36:04:9660,0.2523674,0.6191546,1
1,36:04:9858,0.2519319,0.6150342,1
1,36:05:0059,0.2610698,0.603834,1
1,36:05:0257,0.2679112,0.5904662,1
1,36:05:0458,0.2728863,0.5859786,1
1,36:05:0658,0.2845048,0.5776173,1
1,36:05:0860,0.304483,0.5649652,1
1,36:05:1056,0.3201922,0.5639569,1
1,36:05:1257,0.3340016,0.564443,1
1,36:05:1458,0.3544367,0.5616139,1
1,36:05:1660,0.37821,0.5642343,1
1,36:05:1859,0.3994589,0.5806695,1
1,36:05:2057,0.4163765,0.6043107,1
1,36:05:2259,0.4358444,0.6303118,1
1,36:05:2459,0.466007,0.6500941,1
1,36:05:2658,0.5083737,0.6618279,1
1,36:05:2858,0.5382594,0.6751345,1
1,36:05:3059,0.5586603,0.6929535,1
1,36:05:3258,0.5746017,0.7179908,1
1,36:05:3459,0.5831705,0.7556835,1
1,36:05:3663,0.5882995,0.7827875,1
1,36:05:3860,0.5959281,0.7957252,1
1,36:05:4056,0.5979449,0.7986285,1
1,36:05:4258,0.5941097,0.7987487,1
1,36:05:4459,0.58232,0.8029942,1
1,36:05:4663,0.5694432,0.7994769,1
1,36:05:4857,0.5567093,0.7946221,1
1,36:05:5056,0.5432096,0.7899849,1
1,36:05:5272,0.5250441,0.7775897,1
1,36:05:5460,0.5060974,0.7631921,1
1,36:05:5658,0.4918164,0.74343,1
1,36:05:5857,0.4795232,0.731535,1
1,36:05:6055,0.4650413,0.7262602,1
1,36:05:6253,0.4503593,0.71168,1
1,36:05:6453,0.4361528,0.6916025,1
1,36:05:6656,0.4254678,0.6705121,1
1,36:05:6859,0.4132088,0.6567439,1
1,36:05:7055,0.3982793,0.6409646,1
1,36:05:7254,0.3851992,0.6215432,1
1,36:05:7455,0.3775419,0.6031935,1
1,36:05:7660,0.3703323,0.5943161,1
1,36:05:7856,0.3631854,0.5794787,1
1,36:05:8058,0.3554236,0.5641624,1
1,36:05:8255,0.3451825,0.5496433,1
1,36:05:8456,0.3358403,0.5359388,1
1,36:05:8658,0.3270273,0.517348,1
1,36:05:8859,0.3186167,0.5044287,1
1,36:05:9056,0.3087433,0.4956053,1
1,36:05:9255,0.3028583,0.4897729,1
1,36:05:9456,0.3039722,0.4907881,1
1,36:05:9658,0.3125417,0.499228,1
1,36:05:9863,0.3222489,0.5110574,1
1,36:06:0056,0.3258992,0.5159016,1
1,36:06:0258,0.3274381,0.5183946,1
1,36:06:0457,0.331366,0.5180635,1
1,36:06:0658,0.3329337,0.5162645,1
1,36:06:0859,0.3337934,0.5129606,1
1,36:06:1057,0.3325774,0.5031326,1
1,36:06:1256,0.345041,0.4929717,1
1,36:06:1457,0.3575651,0.482645,1
2,36:12:4657,0.2652841,0.3487834,0
2,36:12:4862,0.266459,0.3556939,0
2,36:12:5058,0.26613,0.3559897,0
2,36:12:5256,0.2675323,0.3587743,0
2,36:12:5458,0.2674984,0.3545502,0
2,36:12:5662,0.267101,0.3490061,0
2,36:12:5859,0.2682864,0.3415119,0
2,36:12:6071,0.2665694,0.3314924,0
2,36:12:6258,0.2662779,0.3244158,0
2,36:12:6453,0.2653671,0.3238667,0
2,36:12:6656,0.264578,0.3210253,0
2,36:12:6862,0.2646316,0.3161529,0
2,36:12:7052,0.2621693,0.314239,0
2,36:12:7250,0.2602112,0.3170345,0
2,36:12:7452,0.2573293,0.3154709,0
2,36:12:7653,0.2543868,0.3123888,0
2,36:12:7856,0.252612,0.3067646,0
2,36:12:8052,0.2502038,0.2989045,0
2,36:12:8253,0.2506087,0.2888721,1
2,36:12:8450,0.2494811,0.2803511,1
2,36:12:8653,0.2474974,0.2845166,1
2,36:12:8853,0.2471851,0.3032041,1
2,36:12:9053,0.2451286,0.3292969,1
2,36:12:9252,0.2442927,0.3469996,1
2,36:12:9454,0.2425243,0.3603432,1
2,36:12:9654,0.2409955,0.3784504,1
2,36:12:9857,0.241252,0.4014319,1
2,36:13:0053,0.2391938,0.4153591,1
2,36:13:0253,0.239717,0.4192654,1
2,36:13:0452,0.2395104,0.4195527,1
2,36:13:0653,0.2392258,0.4247921,1
2,36:13:0859,0.2410564,0.4421662,1
2,36:13:1053,0.2417685,0.4516334,1
2,36:13:1253,0.2440509,0.456569,1
2,36:13:1453,0.2444134,0.4674064,1
2,36:13:1655,0.2448122,0.5042469,1
2,36:13:1857,0.2448957,0.564348,1
2,36:13:2058,0.2427651,0.6562504,1
2,36:13:2255,0.2415631,0.7403843,1
2,36:13:2454,0.2381765,0.8048093,1
2,36:13:2655,0.2353791,0.8494282,1
2,36:13:2859,0.2366304,0.9164833,1
2,36:13:3057,0.2401812,0.9940588,1
2,36:13:3255,0.2429635,1.05862,1
2,36:13:3455,0.2432737,1.100919,1
2,36:13:3656,0.2660564,1.141941,1
2,36:13:3857,0.3350968,1.17804,1
2,36:13:4057,0.4065269,1.200218,1
2,36:13:4255,0.462634,1.213739,1
2,36:13:4456,0.5244448,1.225634,1
2,36:13:4656,0.6015168,1.244241,1
2,36:13:4860,0.6700798,1.261308,1
2,36:13:5059,0.726657,1.276377,1
2,36:13:5256,0.7775741,1.30133,1
2,36:13:5455,0.8115792,1.323923,1
2,36:13:5655,0.8363039,1.326934,1
2,36:13:5857,0.8655539,1.315774,1
2,36:13:6056,0.8849977,1.288579,1
2,36:13:6255,0.8881996,1.250149,1
2,36:13:6455,0.8767709,1.201473,1
2,36:13:6657,0.854911,1.152975,1
2,36:13:6861,0.825663,1.107122,1
2,36:13:7063,0.7908973,1.06381,1
2,36:13:7255,0.7536877,1.020684,1
2,36:13:7453,0.7137238,0.977432,1
2,36:13:7657,0.6735285,0.9363921,1
2,36:13:7874,0.6336411,0.8950205,1
2,36:13:8063,0.5931444,0.8516704,1
2,36:13:8252,0.554848,0.8153149,1
2,36:13:8452,0.5170729,0.7824416,1
2,36:13:8651,0.4822031,0.7542171,1
2,36:13:8854,0.4508266,0.7250069,1
2,36:13:9054,0.4224896,0.693331,1
2,36:13:9251,0.4167275,0.6583679,1
2,36:13:9451,0.4192119,0.6230301,1
2,36:13:9654,0.4199414,0.5928394,1
2,36:13:9855,0.416892,0.5675043,1
2,36:14:0055,0.4106435,0.5540369,1
2,36:14:0254,0.403836,0.5426179,1
2,36:14:0453,0.3990852,0.5256613,1
2,36:14:0660,0.3946138,0.5068285,1
2,36:14:0856,0.3897001,0.4927865,1
2,36:14:1052,0.3824167,0.4799033,1
2,36:14:1253,0.3755481,0.4807948,1
2,36:14:1451,0.3667737,0.4933976,1
2,36:14:1654,0.358807,0.4947585,1
2,36:14:1855,0.3521811,0.4902213,1
2,36:14:2060,0.3435937,0.4864491,1
2,36:14:2251,0.3367061,0.4794968,1
2,36:14:2453,0.3290654,0.4726118,1
2,36:14:2654,0.3214499,0.461353,1
2,36:14:2861,0.315972,0.4448819,1
2,36:14:3057,0.3103789,0.4352641,1
2,36:14:3251,0.3056113,0.4228397,1
2,36:14:3453,0.2989742,0.4081362,1
2,36:14:3654,0.2886836,0.3903266,1
2,36:14:3860,0.2803853,0.3765457,1
2,36:14:4055,0.2726297,0.3642874,1
2,36:14:4254,0.2842247,0.3510175,1
2,36:14:4454,0.2975658,0.3385342,1
2,36:14:4656,0.3106347,0.3267523,1
2,36:14:4856,0.3202581,0.3178901,1
2,36:14:5061,0.3247314,0.3069215,1
2,36:14:5255,0.3275865,0.2943912,1
2,36:14:5455,0.3271981,0.2894627,1
2,36:14:5656,0.3237489,0.283962,1
2,36:14:5856,0.3183937,0.2864787,1
2,36:14:6055,0.3134027,0.2871644,1
2,36:14:6254,0.3090237,0.2928077,1
2,36:14:6454,0.3023031,0.3035204,1
2,36:14:6654,0.2980544,0.3095227,1
2,36:14:6859,0.2964843,0.3122323,1
2,36:14:7063,0.2930366,0.3133263,1
2,36:14:7255,0.289672,0.3211158,1
2,36:14:7453,0.285326,0.3346874,1
2,36:14:7654,0.2811258,0.3456945,1
2,36:14:7855,0.2778714,0.3504261,1
2,36:14:8057,0.2732245,0.3510736,1
2,36:14:8254,0.2695375,0.3535173,1
2,36:14:8453,0.2652963,0.3616884,1
2,36:14:8655,0.2617502,0.3751211,1
2,36:14:8854,0.2593444,0.391792,1
2,36:14:9055,0.2586765,0.4106697,1
2,36:14:9253,0.2580451,0.4286638,1
2,36:14:9454,0.2587356,0.4384559,1
2,36:14:9672,0.2588144,0.4418485,1
2,36:14:9861,0.2586032,0.440849,1
2,36:15:0059,0.2572965,0.4421979,1
2,36:15:0252,0.2561116,0.4450573,1
2,36:15:0450,0.2532998,0.4470974,1
2,36:15:0651,0.2495578,0.451261,1
2,36:15:0853,0.2444032,0.4508711,1
2,36:15:1052,0.2397864,0.4461008,1
2,36:15:1250,0.2379063,0.4386726,1
2,36:15:1451,0.2365152,0.4324057,1
2,36:15:1652,0.2349727,0.4235951,1
2,36:15:1853,0.2368238,0.4108777,1
2,36:15:2054,0.2387124,0.3948514,1
2,36:15:2252,0.2423218,0.3772537,1
2,36:15:2451,0.2449335,0.3623734,1
2,36:15:2652,0.2448047,0.3485157,1
2,36:15:2860,0.2452562,0.3378003,1
2,36:15:3057,0.2437622,0.3351417,1
2,36:15:3250,0.2443737,0.3291365,1
2,36:15:3451,0.245001,0.3197471,1
2,36:15:3652,0.2459134,0.3077517,1
2,36:15:3854,0.2466035,0.2924233,1
2,36:15:4053,0.2469493,0.2807922,1
2,36:15:4255,0.2474181,0.2738242,1
2,36:15:4451,0.2470834,0.2778223,1
2,36:15:4653,0.2452855,0.285805,1
2,36:15:4857,0.2436082,0.2956078,1
2,36:15:5052,0.2405253,0.3131054,1
2,36:15:5254,0.2385133,0.3395112,1
2,36:15:5461,0.2369969,0.3620272,1
2,36:15:5654,0.2347415,0.3743923,1
2,36:15:5854,0.2307831,0.3805258,1
2,36:15:6054,0.2260014,0.3861594,1
2,36:15:6251,0.2229536,0.383675,1
2,36:15:6451,0.2191965,0.3793298,1
2,36:15:6652,0.2171959,0.3752783,1
2,36:15:6853,0.2164039,0.3695443,1
2,36:15:7059,0.2149812,0.3644252,1
2,36:15:7301,0.213927,0.3612102,1
2,36:15:7454,0.2118912,0.3613471,1
2,36:15:7653,0.209019,0.3663623,1
2,36:15:7854,0.2066306,0.364917,1
2,36:15:8056,0.2032211,0.3639487,1
2,36:15:8251,0.2014983,0.36021,1
2,36:15:8452,0.1993841,0.3571352,1
2,36:15:8653,0.197254,0.3607727,1
2,36:15:8854,0.1964838,0.362013,1
2,36:15:9057,0.1957013,0.3601306,1
2,36:15:9252,0.1956192,0.3587592,1
2,36:15:9456,0.1995964,0.3565368,1
2,36:15:9653,0.2051252,0.3489287,1
2,36:15:9855,0.2109984,0.3405226,1
2,36:16:0056,0.2161429,0.3302835,1
2,36:16:0258,0.2219634,0.3324806,1
2,36:16:0455,0.2260408,0.3318273,1
2,36:16:0653,0.2281971,0.327514,1
2,36:16:0855,0.229531,0.3208781,1
2,36:16:1058,0.2277146,0.316066,1
2,36:16:1254,0.2264816,0.3109835,1
2,36:16:1468,0.2241099,0.3046224,1
2,36:16:1654,0.2204214,0.3023956,1
2,36:16:1853,0.2164901,0.2998484,1
2,36:16:2055,0.2107122,0.2997321,1
2,36:16:2251,0.2049291,0.299611,1
2,36:16:2449,0.1994988,0.2970954,1
2,36:16:2650,0.1937485,0.2912145,1
2,36:16:2856,0.1886908,0.2887555,1
2,36:16:3050,0.182492,0.2900034,1
2,36:16:3248,0.1771318,0.2942193,1
2,36:16:3448,0.1717579,0.3007798,1
2,36:16:3648,0.1664172,0.3090951,1
2,36:16:3848,0.1623765,0.3182293,1
2,36:16:4052,0.157738,0.3308454,1
2,36:16:4248,0.1562286,0.351211,1
2,36:16:4449,0.1549898,0.3728911,1
2,36:16:4649,0.1545897,0.3920967,1
2,36:16:4851,0.1554456,0.4063434,1
2,36:16:5053,0.1556797,0.4266931,1
2,36:16:5248,0.1571205,0.4458351,1
2,36:16:5449,0.1581739,0.4666023,1
2,36:16:5651,0.1578865,0.4875051,1
2,36:16:5850,0.1597974,0.5022049,1
2,36:16:6051,0.1618765,0.5385461,1
2,36:16:6253,0.1653439,0.5643396,1
2,36:16:6451,0.1682748,0.5781439,1
2,36:16:6651,0.1705694,0.5843595,1
2,36:16:6854,0.1734723,0.5938258,1
2,36:16:7053,0.1750982,0.6070976,1
2,36:16:7250,0.1779311,0.6265479,1
2,36:16:7451,0.1801644,0.6380189,1
2,36:16:7651,0.1816932,0.65299,1
2,36:16:7851,0.1840073,0.6677011,1
2,36:16:8051,0.1850259,0.6846985,1
2,36:16:8249,0.1869294,0.710735,1
2,36:16:8451,0.1882959,0.7237732,1
2,36:16:8652,0.1890214,0.731289,1
2,36:16:8853,0.1908373,0.7374105,1
2,36:16:9054,0.1905247,0.7363689,1
2,36:16:9251,0.1917303,0.7418094,1
2,36:16:9451,0.1914276,0.7435097,1
2,36:16:9651,0.1927876,0.7513983,1
2,36:16:9856,0.1956131,0.768959,1
2,36:17:0059,0.1968368,0.7832137,1
2,36:17:0252,0.1996429,0.7987845,1
2,36:17:0453,0.20354,0.8150933,1
2,36:17:0653,0.2160075,0.8335581,1
2,36:17:0853,0.2272555,0.8537962,1
2,36:17:1053,0.2338749,0.8704972,1
2,36:17:1252,0.2403067,0.8892607,1
2,36:17:1453,0.2445485,0.9047878,1
2,36:17:1650,0.2486776,0.9060255,1
2,36:17:1854,0.2535011,0.9117478,1
2,36:17:2055,0.2602821,0.930317,1
2,36:17:2251,0.2682635,0.9444843,1
2,36:17:2451,0.2724042,0.9426005,1
2,36:17:2654,0.2752662,0.9312243,1
2,36:17:2856,0.2788318,0.9131113,1
2,36:17:3053,0.2799831,0.8959707,1
2,36:17:3265,0.2815548,0.881228,1
2,36:17:3454,0.2816259,0.8639679,1
2,36:17:3649,0.281895,0.8498058,1
2,36:17:3851,0.2845149,0.8368583,1
2,36:17:4051,0.2842886,0.8162064,1
2,36:17:4249,0.2863795,0.8105486,1
2,36:17:4448,0.2882037,0.8081746,1
2,36:17:4649,0.2915791,0.7942122,1
2,36:17:4850,0.2962069,0.7759744,1
2,36:17:5049,0.2983957,0.7631389,1
2,36:17:5248,0.3004827,0.7553852,1
2,36:17:5449,0.3001654,0.7458749,1
2,36:17:5649,0.3005214,0.7467601,1
2,36:17:5853,0.2992885,0.7339403,1
2,36:17:6049,0.2956375,0.7122235,1
2,36:17:6248,0.2934523,0.6917737,1
2,36:17:6449,0.2893281,0.691386,1
2,36:17:6650,0.2866127,0.6896177,1
2,36:17:6851,0.2830372,0.6787947,1
2,36:17:7054,0.2784508,0.6609281,1
2,36:17:7250,0.2761516,0.6476964,1
2,36:17:7449,0.2735652,0.6342395,1
2,36:17:7649,0.2719472,0.6224018,1
2,36:17:7852,0.2715536,0.6177844,1
2,36:17:8052,0.2706767,0.6031294,1
2,36:17:8250,0.2711439,0.5840743,1
2,36:17:8449,0.2701175,0.5673168,1
2,36:17:8650,0.2703712,0.5534037,1
2,36:17:8850,0.2720488,0.538653,1
2,36:17:9052,0.2740966,0.527481,1
2,36:17:9249,0.2776219,0.5381744,1
2,36:17:9451,0.280937,0.5746071,1
2,36:17:9650,0.2824722,0.6233705,1
2,36:17:9875,0.2847703,0.6734385,1
2,36:18:0063,0.2851725,0.7057704,1
2,36:18:0255,0.2856706,0.7225417,1
2,36:18:0455,0.2882299,0.7272869,1
2,36:18:0654,0.294063,0.7439174,1
2,36:18:0860,0.2997623,0.7689227,1
2,36:18:1053,0.3012781,0.7953264,1
2,36:18:1252,0.3055263,0.8302007,1
2,36:18:1453,0.3084738,0.8774489,1
2,36:18:1659,0.311964,0.9115367,1
2,36:18:1859,0.3135726,0.9329947,1
2,36:18:2057,0.3121172,0.9521042,1
2,36:18:2256,0.3127429,0.9671107,1
2,36:18:2457,0.3105511,0.9797264,1
2,36:18:2652,0.3086667,0.9845153,1
2,36:18:2866,0.3095121,0.9828869,1
2,36:18:3064,0.3084101,0.9763381,1
2,36:18:3258,0.3084428,0.9715011,1
2,36:18:3456,0.306305,0.9633324,1
2,36:18:3655,0.3032245,0.9602579,1
2,36:18:3871,0.2997545,0.9514617,1
2,36:18:4057,0.2947906,0.9388247,1
2,36:18:4256,0.2922715,0.9263462,1
2,36:18:4453,0.2887084,0.9093546,1
2,36:18:4652,0.286233,0.887534,1
2,36:18:4854,0.2850745,0.8631352,1
2,36:18:5068,0.2824632,0.8371811,1
2,36:18:5253,0.2824499,0.8164718,1
2,36:18:5449,0.280743,0.8019107,1
2,36:18:5650,0.2813852,0.7929946,1
2,36:18:5849,0.2818478,0.7876287,1
2,36:18:6050,0.2806177,0.7926696,1
2,36:18:6249,0.2806042,0.7958841,1
2,36:18:6450,0.2789693,0.7860343,1
2,36:18:6647,0.2792524,0.7673518,1
2,36:18:6850,0.2798508,0.7420167,1
2,36:18:7051,0.2800373,0.715,1
2,36:18:7252,0.2813196,0.6894482,1
2,36:18:7448,0.28119,0.6658474,1
2,36:18:7650,0.2808987,0.6486413,1
2,36:18:7849,0.2795629,0.6428528,1
2,36:18:8048,0.2772584,0.6623063,1
2,36:18:8249,0.2761773,0.6955729,1
2,36:18:8449,0.2734335,0.7293723,1
2,36:18:8648,0.2719301,0.7558466,1
2,36:18:8849,0.2701133,0.7812791,1
2,36:18:9051,0.2680429,0.8005759,1
2,36:18:9249,0.2675628,0.8226709,1
2,36:18:9449,0.2656184,0.836345,1
2,36:18:9650,0.2645416,0.8547845,1
2,36:18:9853,0.2639635,0.8790355,1
2,36:19:0055,0.2740448,0.8994302,1
2,36:19:0251,0.2904108,0.9106648,1
2,36:19:0450,0.3009156,0.9209312,1
2,36:19:0650,0.3118218,0.9314581,1
2,36:19:0852,0.3195535,0.9419444,1
2,36:19:1054,0.3236744,0.94633,1
2,36:19:1251,0.3267711,0.9384234,1
2,36:19:1450,0.3266162,0.934746,1
2,36:19:1651,0.3269238,0.9310912,1
2,36:19:1850,0.3263122,0.9281867,1
2,36:19:2050,0.3236852,0.9188514,1
2,36:19:2252,0.3250054,0.9341742,1
2,36:19:2450,0.3301378,0.950719,1
2,36:19:2651,0.3361396,0.9637802,1
2,36:19:2855,0.3401107,0.9733685,1
2,36:19:3057,0.3409016,0.9812739,1
2,36:19:3253,0.3414477,0.9835043,1
2,36:19:3452,0.3397639,0.9799362,1
2,36:19:3651,0.3368949,0.9677166,1
2,36:19:3853,0.3327594,0.9574967,1
2,36:19:4053,0.3282351,0.9396487,1
2,36:19:4252,0.3264163,0.9230556,1
2,36:19:4452,0.3233938,0.8984961,1
2,36:19:4652,0.3215121,0.877466,1
2,36:19:4852,0.3195695,0.862129,1
2,36:19:5056,0.3161413,0.8578859,1
2,36:19:5254,0.3128996,0.851552,1
2,36:19:5452,0.3093095,0.8427612,1
2,36:19:5653,0.3063982,0.8374528,1
2,36:19:5853,0.3034482,0.829859,1
2,36:19:6054,0.2995974,0.8241943,1
2,36:19:6252,0.2993327,0.816268,1
2,36:19:6451,0.2997779,0.8162564,1
2,36:19:6652,0.3009172,0.8083492,1
2,36:19:6868,0.3034442,0.7908738,1
2,36:19:7055,0.3047023,0.7742783,1
2,36:19:7249,0.307211,0.7581576,1
2,36:19:7450,0.3101139,0.7388517,1
2,36:19:7647,0.3127177,0.7201928,1
2,36:19:7849,0.3134396,0.7026802,1
2,36:19:8048,0.3132485,0.6984223,1
2,36:19:8249,0.3141133,0.6999217,1
2,36:19:8487,0.3134952,0.6944805,1
2,36:19:8650,0.3127512,0.6904637,1
2,36:19:8851,0.3114024,0.6847298,1
2,36:19:9051,0.3106239,0.6791857,1
2,36:19:9250,0.3116351,0.6671386,1
2,36:19:9449,0.3105558,0.6479347,1
2,36:19:9647,0.3101423,0.6224353,1
2,36:19:9852,0.3097278,0.5944956,1
2,36:20:0048,0.3084264,0.5744308,1
2,36:20:0251,0.3107899,0.5664153,1
2,36:20:0447,0.3102253,0.5673927,1
2,36:20:0648,0.3101715,0.5915776,1
2,36:20:0848,0.3093038,0.6239237,1
2,36:20:1049,0.3102256,0.6569279,1
2,36:20:1252,0.3106824,0.6810155,1
2,36:20:1450,0.3090295,0.6889542,1
2,36:20:1649,0.3067851,0.6989394,1
2,36:20:1849,0.3060505,0.7022149,1
2,36:20:2050,0.3042481,0.6989689,1
2,36:20:2248,0.3029018,0.6910914,1
2,36:20:2449,0.2997675,0.6917384,1
2,36:20:2649,0.2976899,0.7107247,1
2,36:20:2850,0.2950439,0.7331506,1
2,36:20:3049,0.2920907,0.7513677,1
2,36:20:3252,0.2907666,0.764419,1
2,36:20:3454,0.2875319,0.7697687,1
2,36:20:3650,0.2856148,0.7723713,1
2,36:20:3855,0.2843213,0.7691424,1
2,36:20:4056,0.2821055,0.7649634,1
2,36:20:4255,0.2813037,0.7599488,1
2,36:20:4455,0.2793957,0.7579572,1
2,36:20:4656,0.2777014,0.7487785,1
2,36:20:4853,0.2763373,0.7493537,1
2,36:20:5059,0.2738349,0.7473352,1
2,36:20:5253,0.272372,0.7443407,1
2,36:20:5452,0.270018,0.7405806,1
2,36:20:5652,0.2691631,0.7337773,1
2,36:20:5852,0.2679083,0.7344925,1
2,36:20:6053,0.2649115,0.729429,1
2,36:20:6253,0.261308,0.7216534,1
2,36:20:6450,0.2579635,0.7168556,1
2,36:20:6652,0.2555148,0.7031422,1
2,36:20:6853,0.2524571,0.692857,1
2,36:20:7067,0.2477119,0.6901947,1
2,36:20:7254,0.2447239,0.6837283,1
2,36:20:7452,0.2416574,0.6721516,1
2,36:20:7651,0.239805,0.6577181,1
2,36:20:7853,0.238874,0.6468382,1
2,36:20:8054,0.2416979,0.6303839,1
2,36:20:8256,0.2482065,0.6151626,1
2,36:20:8451,0.2525591,0.6001248,1
2,36:20:8665,0.2553582,0.591563,1
2,36:20:8851,0.2570169,0.5838078,1
2,36:20:9050,0.2567933,0.5762295,1
2,36:20:9250,0.2572075,0.5632285,1
2,36:20:9448,0.2570139,0.5448588,1
2,36:20:9646,0.2573987,0.5269526,1
2,36:20:9847,0.2570481,0.5177349,1
2,36:21:0052,0.2559157,0.5036831,1
2,36:21:0251,0.2574318,0.4901298,1
2,36:21:0447,0.2580837,0.4757808,1
2,36:21:0646,0.2591557,0.4657584,1
2,36:21:0847,0.260582,0.4611903,1
2,36:21:1048,0.2606029,0.4636782,1
2,36:21:1249,0.2625508,0.4614818,1
2,36:21:1446,0.2637012,0.4565902,1
2,36:21:1647,0.2652882,0.4469946,1
2,36:21:1847,0.2657408,0.4429941,1
2,36:21:2047,0.2647199,0.4411386,1
2,36:21:2248,0.263749,0.433147,1
2,36:21:2447,0.2608327,0.4204851,1
2,36:21:2647,0.2596742,0.4100504,1
2,36:21:2849,0.2591733,0.3980874,1
2,36:21:3050,0.257335,0.3853505,1
2,36:21:3251,0.2576981,0.3750512,1
2,36:21:3448,0.2565505,0.3661053,1
2,36:21:3647,0.2565049,0.3532782,1
2,36:21:3848,0.2582793,0.3430515,1
2,36:21:4050,0.2580568,0.3333874,1
2,36:21:4251,0.260666,0.3322282,1
2,36:21:4448,0.260899,0.3289859,1
2,36:21:4649,0.2602828,0.3230654,1
2,36:21:4849,0.2598178,0.3189288,1
2,36:21:5049,0.2600717,0.3132063,1
2,36:21:5251,0.2626259,0.3089701,1
2,36:21:5448,0.2647455,0.316239,1
2,36:21:5648,0.2661543,0.3256456,1
2,36:21:5849,0.2690995,0.3332711,1
2,36:21:6051,0.2719519,0.344484,1
2,36:21:6251,0.2760343,0.3527004,1
2,36:21:6449,0.278075,0.3573551,1
2,36:21:6649,0.280378,0.3593841,1
2,36:21:6850,0.2831128,0.3622219,1
2,36:21:7054,0.2843871,0.3728915,1
2,36:21:7252,0.2866887,0.3762061,1
2,36:21:7451,0.2860505,0.3739714,1
2,36:21:7652,0.2865827,0.3737621,1
2,36:21:7853,0.2872342,0.3742496,1
2,36:21:8053,0.2854745,0.3775832,1
2,36:21:8254,0.2853357,0.3791471,1
2,36:21:8450,0.2846751,0.3774754,1
2,36:21:8651,0.2854334,0.3766785,1
2,36:21:8853,0.2867958,0.3768682,1
2,36:21:9054,0.2858276,0.3788183,1
2,36:21:9255,0.287038,0.3767084,1
2,36:21:9451,0.2857597,0.3737519,1
2,36:21:9653,0.2864191,0.38429,1
2,36:21:9853,0.2876089,0.3905699,1
2,36:22:0054,0.2870322,0.3891379,1
2,36:22:0255,0.2890548,0.3839484,1
2,36:22:0464,0.2889346,0.3819939,1
2,36:22:0651,0.2896375,0.3839283,1
2,36:22:0848,0.2902552,0.3884467,1
2,36:22:1049,0.2875591,0.3879966,1
2,36:22:1246,0.2863352,0.3862108,1
2,36:22:1445,0.2837045,0.3894004,1
2,36:22:1647,0.2831693,0.3913848,1
2,36:22:1846,0.2838129,0.3942368,1
2,36:22:2048,0.2818999,0.4025766,1
2,36:22:2249,0.2818267,0.4090911,1
2,36:22:2448,0.2803325,0.4135137,1
2,36:22:2647,0.2783647,0.4155394,1
2,36:22:2846,0.2759798,0.4128553,1
2,36:22:3047,0.2726327,0.4103943,1
2,36:22:3252,0.2714603,0.4075174,1
2,36:22:3448,0.2682407,0.4072617,1
2,36:22:3646,0.2644019,0.4088906,1
2,36:22:3850,0.2603545,0.412764,1
2,36:22:4047,0.2567055,0.4202562,1
2,36:22:4249,0.2558806,0.4307655,1
2,36:22:4446,0.2546118,0.4411969,1
2,36:22:4648,0.2521791,0.4644115,1
2,36:22:4848,0.24945,0.494442,1
2,36:22:5051,0.248063,0.5207317,1
2,36:22:5249,0.249122,0.5503486,1
2,36:22:5448,0.2519165,0.5880174,1
2,36:22:5647,0.2554153,0.6163613,1
2,36:22:5848,0.2672502,0.6355482,1
2,36:22:6049,0.2870411,0.6545407,1
2,36:22:6250,0.304978,0.6692839,1
2,36:22:6448,0.315521,0.6993625,1
2,36:22:6648,0.32596,0.717512,1
2,36:22:6848,0.3392645,0.7237489,1
2,36:22:7049,0.3485499,0.7261588,1
2,36:22:7249,0.3570695,0.7318224,1
2,36:22:7449,0.3604484,0.7379125,1
2,36:22:7648,0.362859,0.740055,1
2,36:22:7848,0.3628571,0.7362586,1
2,36:22:8049,0.368195,0.7307212,1
2,36:22:8252,0.382594,0.7268769,1
2,36:22:8449,0.3929051,0.7277893,1
2,36:22:8650,0.4001528,0.7262562,1
2,36:22:8848,0.4123275,0.7181506,1
2,36:22:9049,0.4255955,0.7064073,1
2,36:22:9251,0.4362457,0.6962482,1
2,36:22:9449,0.4400873,0.692395,1
2,36:22:9650,0.4430203,0.6951875,1
2,36:22:9851,0.4510272,0.6910799,1
2,36:23:0054,0.4547391,0.683777,1
2,36:23:0261,0.4559408,0.6766176,1
2,36:23:0452,0.4513387,0.6718048,1
2,36:23:0651,0.4446276,0.6623473,1
2,36:23:0850,0.4366246,0.6516657,1
2,36:23:1050,0.4283007,0.6395747,1
2,36:23:1253,0.4265171,0.6278676,1
2,36:23:1451,0.4233118,0.6114723,1
2,36:23:1651,0.4246797,0.5959986,1
2,36:23:1853,0.4259393,0.584054,1
2,36:23:2051,0.427795,0.576584,1
2,36:23:2264,0.4273281,0.5713335,1
2,36:23:2450,0.4237728,0.5647019,1
2,36:23:2647,0.4262492,0.5623024,1
2,36:23:2848,0.432947,0.5556037,1
2,36:23:3050,0.4356773,0.5465258,1
2,36:23:3249,0.4366619,0.5387537,1
2,36:23:3449,0.4377428,0.5302361,1
2,36:23:3647,0.4395984,0.5217043,1
2,36:23:3846,0.4388088,0.5173739,1
2,36:23:4048,0.4409323,0.5132411,1
2,36:23:4249,0.4445713,0.5075242,1
2,36:23:4447,0.4459625,0.5044695,1
2,36:23:4647,0.4571838,0.4944058,1
2,36:23:4846,0.4719352,0.488427,1
2,36:23:5047,0.479551,0.4862617,1
2,36:23:5251,0.4827223,0.4808438,1
2,36:23:5446,0.4814525,0.4833463,1
2,36:23:5647,0.479367,0.482185,1
2,36:23:5847,0.4727122,0.4774316,1
2,36:23:6046,0.465842,0.4770438,1
2,36:23:6250,0.4647542,0.4699444,1
2,36:23:6446,0.4594984,0.4597019,1
2,36:23:6647,0.4514616,0.4521772,1
2,36:23:6848,0.4416036,0.4405932,1
2,36:23:7046,0.4366492,0.4292621,1
2,36:23:7249,0.4358447,0.4215921,1
2,36:23:7445,0.4309525,0.412702,1
2,36:23:7647,0.4272619,0.4042858,1
2,36:23:7848,0.4227581,0.3973876,1
2,36:23:8048,0.4217826,0.3906515,1
2,36:23:8251,0.4215899,0.3856499,1
2,36:23:8447,0.4173345,0.3864772,1
2,36:23:8647,0.4123673,0.3923837,1
2,36:23:8846,0.4055786,0.4038757,1
2,36:23:9047,0.4005305,0.4221645,1
2,36:23:9248,0.3933373,0.4381298,1
2,36:23:9448,0.3848068,0.4449558,1
2,36:23:9648,0.378626,0.4498361,1
2,36:23:9848,0.377829,0.4555124,1
2,36:24:0051,0.3762788,0.4560559,1
2,36:24:0251,0.3817055,0.4564779,1
2,36:24:0447,0.3877123,0.4595638,1
2,36:24:0649,0.3951325,0.4585208,1
2,36:24:0848,0.3989088,0.4545755,1
2,36:24:1050,0.3996442,0.4534126,1
2,36:24:1252,0.3995406,0.4547924,1
2,36:24:1449,0.3978197,0.4580918,1
2,36:24:1649,0.4024804,0.4644709,1
2,36:24:1852,0.405559,0.4642196,1
2,36:24:2051,0.4065951,0.4652875,1
2,36:24:2253,0.4068364,0.4607038,1
2,36:24:2449,0.4030011,0.456996,1
2,36:24:2649,0.3983491,0.4561618,1
2,36:24:2851,0.393349,0.457802,1
2,36:24:3051,0.3884336,0.4643476,1
2,36:24:3302,0.3837204,0.4675795,1
2,36:24:3453,0.3783525,0.4627305,1
2,36:24:3651,0.372602,0.4556796,1
2,36:24:3851,0.3665745,0.4601913,1
2,36:24:4065,0.3628637,0.4585523,1
2,36:24:4255,0.3616037,0.4528807,1
2,36:24:4447,0.3578796,0.4559642,1
2,36:24:4647,0.3552438,0.4572585,1
2,36:24:4846,0.3511072,0.4527199,1
2,36:24:5049,0.3469503,0.4474947,1
2,36:24:5249,0.3412894,0.4439979,1
2,36:24:5444,0.3339615,0.442694,1
2,36:24:5645,0.3358343,0.4499294,1
2,36:24:5845,0.3406465,0.4515933,1
2,36:24:6050,0.3463888,0.4498858,1
2,36:24:6248,0.3501591,0.4493588,1
2,36:24:6446,0.352598,0.4450394,1
2,36:24:6647,0.3556422,0.43917,1
2,36:24:6846,0.3572958,0.4343134,1
2,36:24:7047,0.3601414,0.4318483,1
2,36:24:7247,0.3652076,0.4244645,1
2,36:24:7448,0.3671143,0.4123425,1
2,36:24:7647,0.3702722,0.4072691,1
2,36:24:7847,0.3721223,0.4072901,1
2,36:24:8048,0.3737323,0.401438,1
2,36:24:8253,0.3746386,0.391829,1
2,36:24:8445,0.3711072,0.3911563,1
2,36:24:8647,0.3656077,0.3900466,1
2,36:24:8846,0.3604811,0.3823501,1
2,36:24:9047,0.360722,0.3707334,1
2,36:24:9247,0.3601842,0.3594901,1
2,36:24:9447,0.3588319,0.3496576,1
2,36:24:9647,0.3620884,0.3362717,1
2,36:24:9847,0.3657185,0.3193756,1
2,36:25:0050,0.3669334,0.3067334,1
2,36:25:0257,0.3659181,0.2968475,1
2,36:25:0446,0.3632493,0.2879508,1
2,36:25:0648,0.3615341,0.277711,1
2,36:25:0848,0.3620813,0.2730409,1
2,36:25:1048,0.3642493,0.2690726,1
2,36:25:1249,0.3670908,0.2662122,1
2,36:25:1447,0.3674765,0.2643895,1
2,36:25:1648,0.3675645,0.2611369,1
2,36:25:1846,0.3719202,0.2552504,1
2,36:25:2049,0.3764189,0.2500636,1
2,36:25:2251,0.3791733,0.2465397,1
2,36:25:2448,0.3830025,0.2438077,1
2,36:25:2648,0.3932903,0.2433399,1
2,36:25:2849,0.405126,0.2429536,1
2,36:25:3049,0.4399308,0.237821,1
2,36:25:3250,0.4708338,0.2320854,1
2,36:25:3448,0.4899879,0.2364833,1
2,36:25:3651,0.5098454,0.2421283,1
2,36:25:3850,0.5241148,0.2479456,1
2,36:25:4049,0.5307334,0.255141,1
2,36:25:4253,0.5315058,0.2598078,1
2,36:25:4450,0.5271393,0.2672042,1
2,36:25:4649,0.5218925,0.2803264,1
2,36:25:4851,0.5156273,0.2867205,1
2,36:25:5052,0.5098357,0.289884,1
2,36:25:5252,0.5010967,0.2936477,1
2,36:25:5449,0.4912661,0.2977297,1
2,36:25:5649,0.4866023,0.3015955,1
2,36:25:5862,0.4795471,0.3001995,1
2,36:25:6053,0.4704841,0.2977598,1
2,36:25:6247,0.4585752,0.3040898,1
2,36:25:6445,0.4451168,0.3149753,1
2,36:25:6644,0.4364267,0.3187585,1
2,36:25:6844,0.4274984,0.3203669,1
2,36:25:7046,0.4195662,0.3184459,1
2,36:25:7245,0.4143928,0.3172924,1
2,36:25:7447,0.410302,0.3169658,1
2,36:25:7643,0.4170491,0.3114876,1
2,36:25:7846,0.4363795,0.3063743,1
2,36:25:8052,0.4788503,0.2996163,1
2,36:25:8248,0.5220999,0.2994026,1
2,36:25:8450,0.5520433,0.3011471,1
2,36:25:8647,0.5719134,0.3041928,1
2,36:25:8846,0.5822749,0.3102821,1
2,36:25:9046,0.5872959,0.3132259,1
2,36:25:9248,0.5921007,0.3155257,1
2,36:25:9447,0.5931622,0.3209507,1
2,36:25:9644,0.5891393,0.3217009,1
2,36:25:9846,0.5924477,0.3190883,1
2,36:26:0047,0.5918676,0.3127176,1
2,36:26:0249,0.5882572,0.3099715,1
2,36:26:0447,0.5858987,0.3066899,1
2,36:26:0646,0.5817245,0.304359,1
2,36:26:0846,0.5796455,0.2985467,1
2,36:26:1048,0.5714167,0.2924417,1
2,36:26:1246,0.5613104,0.2857201,1
2,36:26:1447,0.5518559,0.2775962,1
2,36:26:1646,0.5412872,0.2737903,1
2,36:26:1847,0.5317019,0.2716525,1
2,36:26:2048,0.5251502,0.2659332,1
2,36:26:2251,0.5193222,0.2582702,1
2,36:26:2449,0.5241958,0.2484451,1
2,36:26:2648,0.5264461,0.2382027,1
2,36:26:2847,0.5265828,0.2332023,1
2,36:26:3048,0.5306209,0.2262961,1
2,36:26:3249,0.5357833,0.2204987,1
2,36:26:3446,0.5402949,0.2210993,1
2,36:26:3650,0.5405197,0.2406787,1
2,36:26:3848,0.550596,0.2915165,1
2,36:26:4047,0.5680402,0.3297392,1
2,36:26:4250,0.5951427,0.3557637,1
2,36:26:4449,0.6139979,0.3812085,1
2,36:26:4648,0.6271418,0.4081131,1
2,36:26:4848,0.6329763,0.4298798,1
2,36:26:5052,0.6354579,0.4436813,1
2,36:26:5251,0.6381276,0.4521725,1
2,36:26:5449,0.6316561,0.4660301,1
2,36:26:5648,0.6234068,0.4748258,1
2,36:26:5849,0.6150182,0.4785358,1
2,36:26:6051,0.607286,0.4780487,1
2,36:26:6249,0.5970646,0.4813361,1
2,36:26:6454,0.5855383,0.4893466,1
2,36:26:6648,0.5721336,0.4912104,1
2,36:26:6849,0.556734,0.4885872,1
2,36:26:7050,0.5411645,0.4870801,1
2,36:26:7253,0.5268865,0.4805692,1
2,36:26:7453,0.5159728,0.4704857,1
2,36:26:7663,0.5051748,0.4632955,1
2,36:26:7850,0.4918231,0.4536486,1
2,36:26:8049,0.4784313,0.4439849,1
2,36:26:8248,0.4779858,0.4325903,1
2,36:26:8447,0.4774969,0.4220206,1
2,36:26:8644,0.4762693,0.4195137,1
2,36:26:8844,0.4712447,0.4208096,1
2,36:26:9046,0.4635085,0.4248953,1
2,36:26:9251,0.4535275,0.4274425,1
2,36:26:9446,0.4433458,0.430069,1
2,36:26:9646,0.4380338,0.4380535,1
2,36:26:9846,0.4296876,0.4390241,1
2,36:27:0045,0.4197077,0.4382023,1
2,36:27:0248,0.4104016,0.4340804,1
2,36:27:0447,0.4002428,0.4296101,1
2,36:27:0645,0.395648,0.4342973,1
2,36:27:0847,0.3909346,0.4363626,1
2,36:27:1048,0.388761,0.4330319,1
2,36:27:1247,0.3951953,0.4253931,1
2,36:27:1446,0.4024708,0.4167683,1
2,36:27:1645,0.4080595,0.4039809,1
2,36:27:1845,0.4076639,0.3887332,1
2,36:27:2045,0.4033329,0.3728531,1
2,36:27:2249,0.4043078,0.3596072,1
2,36:27:2450,0.4048621,0.352927,1
2,36:27:2646,0.4150027,0.3450503,1
2,36:27:2845,0.4191609,0.3381729,1
2,36:27:3045,0.4200051,0.3517215,1
2,36:27:3248,0.4190817,0.3798487,1
2,36:27:3449,0.4136825,0.4053296,1
2,36:27:3649,0.4095305,0.4179954,1
2,36:27:3849,0.4008846,0.428962,1
2,36:27:4046,0.3950197,0.4364058,1
2,36:27:4254,0.3887106,0.4431084,1
2,36:27:4447,0.3799576,0.4615021,1
2,36:27:4646,0.3733668,0.478135,1
2,36:27:4847,0.3678821,0.4875045,1
2,36:27:5047,0.3621283,0.4891275,1
2,36:27:5249,0.3573088,0.4871374,1
2,36:27:5448,0.3510784,0.4827078,1
2,36:27:5646,0.3456706,0.4790701,1
2,36:27:5846,0.3400506,0.4706141,1
2,36:27:6048,0.3374287,0.4624466,1
2,36:27:6251,0.3342284,0.452382,1
2,36:27:6448,0.3293349,0.4451647,1
2,36:27:6647,0.3305051,0.4367766,1
2,36:27:6846,0.3331524,0.430369,1
2,36:27:7048,0.3405765,0.4239655,1
2,36:27:7248,0.3446953,0.428893,1
2,36:27:7448,0.3469186,0.4388157,1
2,36:27:7649,0.3518675,0.4409581,1
2,36:27:7848,0.3581966,0.4372015,1
2,36:27:8050,0.3622652,0.4330854,1
2,36:27:8256,0.3709448,0.4304523,1
2,36:27:8450,0.3757328,0.4276047,1
2,36:27:8649,0.3797304,0.4239611,1
2,36:27:8850,0.3818044,0.4150259,1
2,36:27:9051,0.386064,0.4039284,1
2,36:27:9251,0.3943684,0.4007876,1
2,36:27:9465,0.3959295,0.3989902,1
2,36:27:9649,0.3974293,0.3939385,1
2,36:27:9847,0.4063337,0.4000828,1
2,36:28:0049,0.4130491,0.4104812,1
2,36:28:0246,0.4195377,0.4211155,1
2,36:28:0445,0.4230462,0.4236566,1
2,36:28:0644,0.4241608,0.4203117,1
2,36:28:0844,0.4219958,0.4132523,1
2,36:28:1046,0.4234709,0.4020747,1
2,36:28:1244,0.4226458,0.389607,1
2,36:28:1445,0.4220345,0.3817291,1
2,36:28:1649,0.4349253,0.3766789,1
2,36:28:1844,0.4427096,0.3760379,1
2,36:28:2046,0.4468255,0.3811359,1
2,36:28:2250,0.4501118,0.3932593,1
2,36:28:2445,0.4518726,0.4185985,1
2,36:28:2646,0.4592235,0.4549181,1
2,36:28:2847,0.4699141,0.4792873,1
2,36:28:3047,0.4778649,0.4934287,1
2,36:28:3251,0.4857477,0.5058399,1
2,36:28:3446,0.4935022,0.5183842,1
2,36:28:3645,0.5053931,0.5259936,1
2,36:28:3849,0.5139309,0.528563,1
2,36:28:4047,0.5255253,0.5266829,1
2,36:28:4246,0.5336285,0.5265025,1
2,36:28:4447,0.5376617,0.5328202,1
2,36:28:4645,0.5394406,0.5336718,1
2,36:28:4845,0.5425679,0.529055,1
2,36:28:5046,0.5414588,0.5258744,1
2,36:28:5247,0.5401216,0.5304214,1
2,36:28:5447,0.5344672,0.5353913,1
2,36:28:5645,0.5247011,0.5319433,1
2,36:28:5846,0.5103338,0.5223247,1
2,36:28:6046,0.4983564,0.5105491,1
2,36:28:6250,0.490901,0.5028135,1
2,36:28:6445,0.4796883,0.4955433,1
2,36:28:6646,0.4707479,0.4870976,1
2,36:28:6845,0.4657613,0.4752458,1
2,36:28:7047,0.4606002,0.4627112,1
2,36:28:7251,0.4539721,0.4497144,1
2,36:28:7449,0.447504,0.437221,1
2,36:28:7646,0.4505977,0.4232383,1
2,36:28:7846,0.4505281,0.4153475,1
2,36:28:8047,0.4506366,0.4084261,1
2,36:28:8249,0.4494668,0.4023103,1
2,36:28:8448,0.4483352,0.3922969,1
2,36:28:8697,0.4451809,0.3844723,1
2,36:28:8848,0.4388283,0.3784538,1
2,36:28:9050,0.4325499,0.3775409,1
2,36:28:9247,0.4409381,0.377131,1
2,36:28:9450,0.4472058,0.3771196,1
2,36:28:9647,0.4507321,0.4132662,1
2,36:28:9848,0.4498748,0.4665707,1
2,36:29:0051,0.4535239,0.5097597,1
2,36:29:0256,0.4632795,0.5389965,1
2,36:29:0451,0.4706661,0.5542301,1
2,36:29:0648,0.4808599,0.5725472,1
2,36:29:0848,0.4830877,0.5874451,1
2,36:29:1049,0.4805982,0.6059433,1
2,36:29:1266,0.4752544,0.6142529,1
2,36:29:1452,0.4704603,0.6163506,1
2,36:29:1646,0.468491,0.624825,1
2,36:29:1845,0.4672351,0.6351132,1
2,36:29:2045,0.4681481,0.648472,1
2,36:29:2246,0.471913,0.6584591,1
2,36:29:2447,0.4762184,0.6668844,1
2,36:29:2646,0.4772777,0.6867747,1
2,36:29:2844,0.4772445,0.7111302,1
2,36:29:3045,0.4786745,0.7244477,1
2,36:29:3245,0.4807985,0.7332616,1
2,36:29:3446,0.4773466,0.7438105,1
2,36:29:3644,0.4768484,0.7560413,1
2,36:29:3847,0.4822208,0.7702538,1
2,36:29:4046,0.4857687,0.7793072,1
2,36:29:4245,0.4899651,0.7945882,1
2,36:29:4449,0.4977557,0.8019509,1
2,36:29:4646,0.5054844,0.8051727,1
2,36:29:4845,0.5118763,0.8046831,1
2,36:29:5045,0.5239581,0.7965525,1
2,36:29:5247,0.5321647,0.7887505,1
2,36:29:5445,0.5350377,0.7857305,1
2,36:29:5645,0.5375541,0.7779675,1
2,36:29:5844,0.5360668,0.7611431,1
2,36:29:6045,0.5320079,0.743382,1
2,36:29:6248,0.523738,0.7286713,1
2,36:29:6444,0.5123832,0.7121851,1
2,36:29:6646,0.5002974,0.6913934,1
2,36:29:6848,0.4980434,0.6762625,1
2,36:29:7046,0.4974692,0.6647123,1
2,36:29:7250,0.4928502,0.645237,1
2,36:29:7446,0.4843476,0.6239762,1
2,36:29:7644,0.4797359,0.6021484,1
2,36:29:7845,0.4756248,0.5775495,1
2,36:29:8046,0.4716151,0.5567614,1
2,36:29:8247,0.466544,0.5370234,1
2,36:29:8448,0.4618147,0.519416,1
2,36:29:8644,0.4606893,0.4985779,1
2,36:29:8846,0.457133,0.477033,1
2,36:29:9046,0.4516979,0.4652517,1
2,36:29:9246,0.4533287,0.4574009,1
2,36:29:9449,0.4564887,0.4440001,1
2,36:29:9646,0.4601266,0.4282537,1
2,36:29:9846,0.4619665,0.4128486,1
2,36:30:0048,0.4654145,0.3976212,1
2,36:30:0247,0.475031,0.3820615,1
2,36:30:0449,0.4835087,0.3760632,1
2,36:30:0647,0.4897995,0.3687412,1
2,36:30:0846,0.4989632,0.3617857,1
2,36:30:1049,0.5063921,0.3652251,1
2,36:30:1249,0.5103956,0.3903651,1
2,36:30:1448,0.5118034,0.4143021,1
2,36:30:1646,0.5154806,0.4356516,1
2,36:30:1849,0.5166561,0.4561361,1
2,36:30:2048,0.5157489,0.4768308,1
2,36:30:2250,0.513541,0.4924546,1
2,36:30:2448,0.5102713,0.5126801,1
2,36:30:2648,0.5064208,0.5303864,1
2,36:30:2848,0.4983297,0.5400877,1
2,36:30:3063,0.4919556,0.5451214,1
2,36:30:3256,0.4890447,0.543735,1
2,36:30:3449,0.4813407,0.547425,1
2,36:30:3646,0.4737073,0.552331,1
2,36:30:3846,0.467571,0.5531732,1
2,36:30:4046,0.461402,0.551284,1
2,36:30:4246,0.4599484,0.5426834,1
2,36:30:4444,0.4569106,0.5308987,1
2,36:30:4644,0.4543613,0.5210489,1
2,36:30:4843,0.4513782,0.5071957,1
2,36:30:5044,0.4564126,0.4938783,1
2,36:30:5246,0.4587221,0.4782733,1
2,36:30:5447,0.456798,0.4617123,1
2,36:30:5653,0.4616889,0.4444036,1
2,36:30:5844,0.4681686,0.4271288,1
2,36:30:6043,0.4685889,0.4100151,1
2,36:30:6243,0.4667573,0.391296,1
2,36:30:6447,0.4645305,0.3708818,1
2,36:30:6644,0.4583446,0.3510171,1
2,36:30:6845,0.4501016,0.3462588,1
2,36:30:7046,0.4432173,0.3461015,1
2,36:30:7245,0.4350178,0.365916,1
2,36:30:7446,0.4247844,0.4043704,1
2,36:30:7643,0.4286556,0.4483496,1
2,36:30:7843,0.4376262,0.4851648,1
2,36:30:8044,0.4441009,0.5090688,1
2,36:30:8245,0.4459711,0.5228905,1
2,36:30:8447,0.4420421,0.5453661,1
2,36:30:8644,0.439285,0.5705391,1
2,36:30:8844,0.4410296,0.5931783,1
2,36:30:9046,0.4446242,0.6103284,1
2,36:30:9246,0.4469275,0.623758,1
2,36:30:9448,0.4467833,0.6321245,1
2,36:30:9645,0.44427,0.6466624,1
2,36:30:9845,0.4393761,0.6605262,1
2,36:31:0046,0.4336764,0.6763736,1
2,36:31:0246,0.4355021,0.6915272,1
2,36:31:0449,0.4349023,0.7080132,1
2,36:31:0646,0.4364137,0.7402841,1
2,36:31:0845,0.4359369,0.7678016,1
2,36:31:1045,0.4468024,0.7876779,1
2,36:31:1248,0.455293,0.796307,1
2,36:31:1447,0.4585468,0.8030616,1
2,36:31:1645,0.4612226,0.8026858,1
2,36:31:1846,0.4592194,0.801829,1
2,36:31:2047,0.454518,0.8006299,1
2,36:31:2249,0.4472007,0.7935223,1
2,36:31:2447,0.4399206,0.795114,1
2,36:31:2647,0.4399683,0.8001791,1
2,36:31:2848,0.4397985,0.7979251,1
2,36:31:3047,0.4414173,0.7924957,1
2,36:31:3247,0.4521191,0.7870216,1
2,36:31:3452,0.4607579,0.779408,1
2,36:31:3647,0.4709975,0.7820862,1
2,36:31:3847,0.474235,0.7831452,1
2,36:31:4050,0.4759797,0.7793654,1
2,36:31:4252,0.4757474,0.7666082,1
2,36:31:4450,0.4726822,0.7465895,1
2,36:31:4649,0.4681718,0.7298905,1
2,36:31:4863,0.4582961,0.7152429,1
2,36:31:5050,0.4504509,0.6954049,1
2,36:31:5248,0.4457574,0.6706092,1
2,36:31:5448,0.444488,0.6512433,1
2,36:31:5645,0.4402003,0.6313636,1
2,36:31:5843,0.4345848,0.6165518,1
2,36:31:6045,0.4293081,0.6085355,1
2,36:31:6248,0.4259701,0.6038529,1
2,36:31:6446,0.4197979,0.6077746,1
2,36:31:6643,0.4137372,0.6055018,1
2,36:31:6845,0.4051243,0.59827,1
2,36:31:7043,0.3969256,0.5928739,1
2,36:31:7244,0.388737,0.589114,1
2,36:31:7444,0.3849919,0.5793376,1
2,36:31:7642,0.3887805,0.5758457,1
2,36:31:7845,0.3892076,0.5787942,1
2,36:31:8044,0.3884842,0.5741864,1
2,36:31:8246,0.3904562,0.5643327,1
2,36:31:8444,0.3888994,0.5735077,1
2,36:31:8646,0.3906982,0.5800307,1
2,36:31:8844,0.3948371,0.5786816,1
2,36:31:9045,0.3973645,0.5717964,1
2,36:31:9249,0.402645,0.5619006,1
2,36:31:9445,0.4049642,0.5483394,1
2,36:31:9643,0.4121394,0.5330862,1
2,36:31:9844,0.4168214,0.5162005,1
2,36:32:0045,0.4187145,0.5084688,1
2,36:32:0245,0.4188319,0.5055496,1
2,36:32:0447,0.4157404,0.4951276,1
2,36:32:0644,0.4131263,0.479739,1
2,36:32:0844,0.406426,0.4658171,1
2,36:32:1044,0.400234,0.4506226,1
2,36:32:1247,0.3943486,0.434122,1
2,36:32:1448,0.3869561,0.4141932,1
2,36:32:1643,0.3808516,0.3968074,1
2,36:32:1844,0.372335,0.3831943,1
2,36:32:2045,0.3641421,0.3710606,1
2,36:32:2245,0.3561265,0.3588661,1
2,36:32:2446,0.346957,0.3452329,1
2,36:32:2644,0.3400708,0.3343953,1
2,36:32:2844,0.3335493,0.3234255,1
2,36:32:3045,0.3329906,0.3198689,1
2,36:32:3247,0.332002,0.3182,1
2,36:32:3450,0.3289971,0.3141839,1
2,36:32:3645,0.3287661,0.3072175,1
2,36:32:3845,0.325951,0.2954164,1
2,36:32:4045,0.3306204,0.2834246,1
2,36:32:4248,0.3396519,0.2708021,1
2,36:32:4444,0.34495,0.258574,1
2,36:32:4643,0.3518172,0.2554694,1
2,36:32:4846,0.3562365,0.251573,1
2,36:32:5046,0.3599363,0.2457341,1
2,36:32:5248,0.3696761,0.2388698,1
2,36:32:5453,0.3801333,0.2298722,1
2,36:32:5660,0.388711,0.2279472,1
2,36:32:5851,0.390798,0.2353051,1
2,36:32:6053,0.3910218,0.2456197,1
2,36:32:6250,0.3887933,0.2487867,1
2,36:32:6448,0.3833387,0.2609518,1
2,36:32:6679,0.3802002,0.2716455,1
2,36:32:6852,0.3740956,0.2823371,1
2,36:32:7047,0.368892,0.2955292,1
2,36:32:7247,0.3626993,0.3081537,1
2,36:32:7448,0.3536435,0.3157371,1
2,36:32:7645,0.3486825,0.3171786,1
2,36:32:7844,0.3429559,0.3187933,1
2,36:32:8046,0.3377218,0.3337089,1
2,36:32:8250,0.3322878,0.3552312,1
2,36:32:8453,0.3261445,0.3687353,1
2,36:32:8646,0.3226799,0.3791878,1
2,36:32:8846,0.3167071,0.3811771,1
2,36:32:9042,0.3126542,0.3787281,1
2,36:32:9251,0.3078008,0.3796567,1
2,36:32:9450,0.3016328,0.395342,1
2,36:32:9643,0.2968089,0.4360347,1
2,36:32:9846,0.2911514,0.475738,1
2,36:33:0045,0.287433,0.5191474,1
2,36:33:0247,0.2832373,0.5912103,1
2,36:33:0447,0.2775087,0.6799926,1
2,36:33:0645,0.2742975,0.7737318,1
2,36:33:0846,0.268653,0.8838777,1
2,36:33:1049,0.2626167,0.9901537,1
2,36:33:1251,0.2562073,1.071184,1
2,36:33:1450,0.2496559,1.124039,1
2,36:33:1642,0.2443207,1.158246,1
2,36:33:1844,0.2495959,1.18852,1
2,36:33:2045,0.2535987,1.203782,1
2,36:33:2246,0.2564196,1.196978,1
2,36:33:2444,0.2574068,1.173975,1
2,36:33:2644,0.2804236,1.140715,1
2,36:33:2845,0.3066583,1.100033,1
2,36:33:3046,0.3295178,1.060691,1
2,36:33:3248,0.3701803,1.021887,1
2,36:33:3447,0.4641625,0.9782786,1
2,36:33:3646,0.5598397,0.9323844,1
2,36:33:3844,0.635511,0.9041882,1
2,36:33:4047,0.6895694,0.9193287,1
2,36:33:4249,0.7418779,0.9349436,1
2,36:33:4447,0.7986832,0.9350548,1
2,36:37:4845,0.2568373,0.2656381,0
2,36:37:5045,0.2582256,0.2584803,0
2,36:37:5248,0.2589268,0.2529731,0
2,36:37:5443,0.2591607,0.2464284,0
2,36:37:5643,0.2599474,0.2433954,0
2,36:37:5844,0.2580036,0.2413201,0
2,36:37:6044,0.2573719,0.2402883,0
2,36:37:6245,0.2559592,0.2393498,0
2,36:37:6447,0.2545889,0.2397684,0
2,36:37:6643,0.2552626,0.2379631,0
2,36:37:6841,0.2540755,0.2343087,0
2,36:37:7044,0.2549397,0.2293446,0
2,36:37:7247,0.2547598,0.2237478,0
2,36:37:7447,0.2549677,0.2214029,0
2,36:37:7643,0.2561967,0.2173186,0
2,36:37:7841,0.2544925,0.2091333,0
2,36:37:8043,0.2546753,0.2067152,0
2,36:37:8244,0.2530939,0.2114154,1
2,36:37:8445,0.2506092,0.2124354,1
2,36:37:8643,0.250217,0.215669,1
2,36:37:8845,0.2482313,0.2221016,1
2,36:37:9044,0.2485594,0.2358566,1
2,36:37:9250,0.2483381,0.2444094,1
2,36:37:9450,0.2477554,0.2507801,1
2,36:37:9643,0.2476088,0.2551881,1
2,36:37:9848,0.2457347,0.2570285,1
2,36:38:0045,0.2452679,0.2548915,1
2,36:38:0247,0.2431926,0.2519252,1
2,36:38:0450,0.2419522,0.2530814,1
2,36:38:0644,0.2414639,0.2674627,1
2,36:38:0843,0.2378791,0.2810756,1
2,36:38:1044,0.2357715,0.2887369,1
2,36:38:1249,0.2330744,0.3019751,1
2,36:38:1448,0.2317087,0.3233163,1
2,36:38:1646,0.2315215,0.3617004,1
2,36:38:1844,0.22947,0.4013352,1
2,36:38:2046,0.2291945,0.4412068,1
2,36:38:2247,0.2283377,0.4920786,1
2,36:38:2455,0.2268026,0.5666585,1
2,36:38:2644,0.2263654,0.6617618,1
2,36:38:2845,0.2239201,0.7960173,1
2,36:38:3044,0.2216397,0.9061357,1
2,36:38:3250,0.2223994,0.9810286,1
2,36:38:3449,0.2287089,1.042805,1
2,36:38:3644,0.2398052,1.087296,1
2,36:38:3848,0.2480266,1.119085,1
2,36:38:4048,0.2568894,1.141569,1
2,36:38:4247,0.2656552,1.147242,1
2,36:38:4448,0.2876268,1.134503,1
2,36:38:4648,0.3120846,1.111253,1
2,36:38:4845,0.3258965,1.09219,1
2,36:38:5046,0.3325453,1.074064,1
2,36:38:5249,0.3324423,1.064165,1
2,36:38:5452,0.3289378,1.049019,1
2,36:38:5660,0.3296551,1.027638,1
2,36:38:5848,0.3288271,1.000516,1
2,36:38:6043,0.3260091,0.9693838,1
2,36:38:6243,0.3190047,0.9354634,1
2,36:38:6448,0.3109746,0.9012949,1
2,36:38:6641,0.3069591,0.8647445,1
2,36:38:6844,0.3035045,0.8306414,1
2,36:38:7042,0.2972531,0.8015538,1
2,36:38:7244,0.2904904,0.7686644,1
2,36:38:7446,0.2831111,0.7378204,1
2,36:38:7644,0.273358,0.7058142,1
2,36:38:7844,0.2624823,0.6756637,1
2,36:38:8041,0.2502308,0.6434659,1
2,36:38:8246,0.2373846,0.6112248,1
2,36:38:8444,0.2271826,0.5788846,1
2,36:38:8644,0.2216709,0.5478414,1
2,36:38:8841,0.2141816,0.5189886,1
2,36:38:9042,0.2057304,0.4899701,1
2,36:38:9243,0.1974248,0.4605028,1
2,36:38:9450,0.1883066,0.4299922,1
2,36:38:9642,0.1788505,0.3989338,1
2,36:38:9842,0.1681732,0.3697355,1
2,36:39:0041,0.1571923,0.3410561,1
2,36:39:0244,0.1474496,0.315104,1
2,36:39:0444,0.1392688,0.2929012,1
2,36:39:0642,0.131406,0.2696514,1
2,36:39:0841,0.1226028,0.2471871,1
2,36:39:1042,0.1162051,0.2314737,1
2,36:39:1246,0.1142374,0.2228246,1
2,36:39:1442,0.1132439,0.2140266,1
2,36:39:1641,0.1108496,0.2041325,1
2,36:39:1841,0.1074413,0.2038803,1
2,36:39:2043,0.1076108,0.2053303,1
2,36:39:2245,0.1115595,0.2045586,1
2,36:39:2447,0.115973,0.2030423,1
2,36:39:2640,0.1189325,0.2090618,1
2,36:39:2841,0.1229972,0.229169,1
2,36:39:3044,0.1308939,0.253343,1
2,36:39:3243,0.144122,0.2715394,1
2,36:39:3448,0.1585946,0.2838101,1
2,36:39:3643,0.1694693,0.2975792,1
2,36:39:3841,0.1759098,0.310071,1
2,36:39:4042,0.1836182,0.3260246,1
2,36:39:4251,0.1903414,0.3357522,1
2,36:39:4450,0.1949873,0.3380365,1
2,36:39:4653,0.1995092,0.3355973,1
2,36:39:4841,0.200079,0.3316792,1
2,36:39:5042,0.1979313,0.3241024,1
2,36:39:5246,0.1937564,0.3127265,1
2,36:39:5449,0.1922092,0.3040929,1
2,36:39:5643,0.1931775,0.2936834,1
2,36:39:5843,0.1964001,0.2833846,1
2,36:39:6042,0.1993096,0.2769852,1
2,36:39:6244,0.2025542,0.2733256,1
2,36:39:6447,0.20605,0.2667202,1
2,36:39:6644,0.2057086,0.257214,1
2,36:39:6844,0.2092783,0.2447651,1
2,36:39:7045,0.2125138,0.236114,1
2,36:39:7251,0.2118515,0.2258411,1
2,36:39:7460,0.2126676,0.2201653,1
2,36:39:7648,0.213968,0.218008,1
2,36:39:7842,0.2125982,0.214344,1
2,36:39:8042,0.2086942,0.2130254,1
2,36:39:8243,0.2072905,0.2170222,1
2,36:39:8442,0.2064211,0.2193957,1
2,36:39:8642,0.2142519,0.2192397,1
2,36:39:8842,0.2249928,0.2176179,1
2,36:39:9043,0.2355826,0.2216173,1
2,36:39:9245,0.2461581,0.2233496,1
2,36:39:9449,0.2579013,0.222836,1
2,36:39:9642,0.2643888,0.2291885,1
2,36:39:9841,0.2645483,0.2433354,1
2,36:40:0042,0.2734899,0.2620147,1
2,36:40:0243,0.2897577,0.2797741,1
2,36:40:0450,0.3042809,0.2964032,1
2,36:40:0641,0.3105248,0.3226393,1
2,36:40:0841,0.3111274,0.3444176,1
2,36:40:1042,0.3163809,0.3550521,1
2,36:40:1244,0.3282956,0.3610952,1
2,36:40:1445,0.3392856,0.3649731,1
2,36:40:1644,0.3473497,0.368204,1
2,36:40:1840,0.3536579,0.368221,1
2,36:40:2041,0.3572014,0.3795315,1
2,36:40:2242,0.3611404,0.3933245,1
2,36:40:2442,0.3613096,0.4104089,1
2,36:40:2640,0.3622369,0.4246488,1
2,36:40:2841,0.3612157,0.4436406,1
2,36:40:3045,0.3562222,0.4599887,1
2,36:40:3244,0.3498346,0.4685621,1
2,36:40:3444,0.3482775,0.4764692,1
2,36:40:3643,0.3468847,0.4783129,1
2,36:40:3840,0.3435261,0.4760238,1
2,36:40:4040,0.3354481,0.4763674,1
2,36:40:4243,0.3241466,0.4719202,1
2,36:40:4444,0.3151649,0.466293,1
2,36:40:4644,0.3074872,0.457854,1
2,36:40:4842,0.2989005,0.4462267,1
2,36:40:5043,0.2909496,0.4347311,1
2,36:40:5244,0.2842577,0.421548,1
2,36:40:5442,0.2882273,0.4141832,1
2,36:40:5645,0.2975921,0.4029412,1
2,36:40:5841,0.3047712,0.3948513,1
2,36:40:6042,0.3090678,0.3965536,1
2,36:40:6244,0.3109286,0.4003311,1
2,36:40:6445,0.3107033,0.4072709,1
2,36:40:6653,0.3114563,0.4147131,1
2,36:40:6841,0.3156872,0.4224416,1
2,36:40:7042,0.3229728,0.4376651,1
2,36:40:7244,0.3284201,0.4607845,1
2,36:40:7446,0.3312438,0.4782826,1
2,36:40:7647,0.3312611,0.4863909,1
2,36:40:7845,0.329632,0.48694,1
2,36:40:8042,0.3295907,0.4965103,1
2,36:40:8245,0.3351409,0.5120226,1
2,36:40:8445,0.3423154,0.5186464,1
2,36:40:8644,0.3449153,0.5193064,1
2,36:40:8844,0.3463939,0.5140505,1
2,36:40:9043,0.3468853,0.5040272,1
2,36:40:9260,0.3450715,0.4908825,1
2,36:40:9453,0.3407737,0.4731238,1
2,36:40:9646,0.3343941,0.448741,1
2,36:40:9841,0.3256277,0.4231279,1
2,36:41:0039,0.3149309,0.3989135,1
2,36:41:0241,0.3070642,0.3756382,1
2,36:41:0443,0.3019856,0.3523498,1
2,36:41:0642,0.2939968,0.3309885,1
2,36:41:0841,0.2834695,0.3182537,1
2,36:41:1040,0.2743204,0.3098934,1
2,36:41:1244,0.2655923,0.3016418,1
2,36:41:1452,0.2583051,0.2916235,1
2,36:41:1646,0.2557526,0.2807414,1
2,36:41:1843,0.2537621,0.2752222,1
2,36:41:2040,0.2511913,0.2689047,1
2,36:41:2242,0.2513603,0.263304,1
2,36:41:2444,0.2474433,0.2562278,1
2,36:41:2644,0.2401598,0.2468218,1
2,36:41:2842,0.2347744,0.2356129,1
2,36:41:3041,0.2326528,0.2233756,1
2,36:41:3242,0.2288691,0.2163705,1
2,36:41:3446,0.2283849,0.2159103,1
2,36:41:3646,0.2286639,0.2182172,1
2,36:41:3840,0.2294755,0.217085,1
2,36:41:4041,0.2303035,0.2153733,1
2,36:41:4243,0.2300029,0.2183971,1
2,36:41:4446,0.2336725,0.222388,1
2,36:41:4644,0.238294,0.2242537,1
