1,63591931217.7698,-0.01349938,-0.01448253,0
1,63591931217.7921,-0.01987053,-0.004282892,0
1,63591931217.8114,0.01198521,0.004641793,0
1,63591931217.8293,-0.008402464,0.005916748,0
1,63591931217.8503,0.00433983,-0.0004580271,0
1,63591931217.8691,0.003065601,-0.01448253,0
1,63591931217.8898,0.01325944,0.008466657,0
1,63591931217.9094,0.00433983,0.005916748,0
1,63591931217.9293,0.001791372,0.0008169278,0
1,63591931217.9514,0.001791372,-0.004282892,0
1,63591931217.9698,-0.007128234,0.008466657,0
1,63591931217.9916,0.00561406,0.003366838,0
1,63591931218.011,-0.01349938,-0.006832802,0
1,63591931218.0292,0.003065601,0.0008169278,0
1,63591931218.0491,0.009436748,0.005916748,0
1,63591931218.0693,-0.005854005,0.01611639,0
1,63591931218.0896,0.01325944,0.003366838,0
1,63591931218.1098,-0.008402464,0.005916748,0
1,63591931218.1293,-0.002031317,-0.008107757,1
1,63591931218.1495,-0.01477361,-0.01575749,1
1,63591931218.1694,0.01325944,0.005916748,1
1,63591931218.1892,0.001791372,-0.01448253,1
1,63591931218.21,0.008162519,-0.009382712,1
1,63591931218.2299,-0.008402464,-0.02340722,1
1,63591931218.2493,-0.02496745,0.0008169278,1
1,63591931218.2696,0.003065601,0.003366838,1
1,63591931218.2895,-0.01222515,-0.01958235,1
1,63591931218.3104,0.001791372,0.01101657,1
1,63591931218.3299,-0.01349938,0.004641793,1
1,63591931218.3501,0.001791372,-0.004282892,1
1,63591931218.3696,0.001791372,0.009741613,1
1,63591931218.3895,0.0005171423,-0.009382712,1
1,63591931218.4107,0.0005171423,0.02121621,1
1,63591931218.4298,0.001791372,-0.001732982,1
1,63591931218.4537,0.00433983,0.0008169278,1
1,63591931218.4719,-0.005854005,-0.003007937,1
1,63591931218.4895,-0.0007570871,-0.006832802,1
1,63591931218.5101,0.0005171423,-0.01065767,1
1,63591931218.5296,0.0005171423,0.005916748,1
1,63591931218.55,0.01453367,-0.01193262,1
1,63591931218.5703,0.001791372,-0.008107757,1
1,63591931218.5896,0.006888289,-0.01448253,1
1,63591931218.6099,0.01580789,-0.009382712,1
1,63591931218.6293,0.01071098,-0.0004580271,1
1,63591931218.6499,-0.004579776,0.008466657,1
1,63591931218.6699,-0.01222515,0.008466657,1
1,63591931218.6897,0.01071098,-0.006832802,1
1,63591931218.7108,-0.002031317,-0.01193262,1
1,63591931218.7299,-0.003305546,-0.003007937,1
1,63591931218.7494,-0.004579776,-0.009382712,1
1,63591931218.7695,-0.004579776,0.01101657,1
1,63591931218.7896,-0.008402464,0.004641793,1
1,63591931218.8117,-0.004579776,0.004641793,1
1,63591931218.8297,0.00433983,0.01484143,1
1,63591931218.8496,-0.005854005,-0.006832802,1
1,63591931218.8703,-0.005854005,-0.01065767,1
1,63591931218.8898,-0.005854005,0.008466657,1
1,63591931218.9116,0.00433983,0.009741613,1
1,63591931218.9299,0.006888289,0.01994125,1
1,63591931218.95,0.01708212,-0.009382712,1
1,63591931218.9746,0.01835635,0.005916748,1
1,63591931218.9902,-0.004579776,0.0008169278,1
1,63591931219.0101,-0.01732207,0.008466657,1
1,63591931219.0296,0.009436748,0.0008169278,1
1,63591931219.049,-0.01222515,-0.004282892,1
1,63591931219.0701,0.01325944,-0.008107757,1
1,63591931219.0892,-0.004579776,0.0008169278,1
1,63591931219.1097,0.01835635,-0.01703244,1
1,63591931219.1295,-0.003305546,-0.01448253,1
1,63591931219.149,-0.0007570871,-0.006832802,1
1,63591931219.1695,-0.02114476,0.0008169278,1
1,63591931219.189,-0.01732207,0.0186663,1
1,63591931219.2094,-0.01222515,-0.01065767,1
1,63591931219.2311,0.01071098,-0.01575749,1
1,63591931219.2495,0.0005171423,-0.006832802,1
1,63591931219.27,-0.003305546,0.005916748,1
1,63591931219.2893,0.003065601,0.007191703,1
1,63591931219.3097,-0.005854005,0.004641793,1
1,63591931219.3292,0.0005171423,0.02121621,1
1,63591931219.3492,-0.01349938,-0.01065767,1
1,63591931219.3705,0.01580789,0.01229152,1
1,63591931219.3906,0.009436748,0.008466657,1
1,63591931219.4095,-0.01477361,0.004641793,1
1,63591931219.4292,0.01198521,-0.01193262,1
1,63591931219.4494,0.006888289,0.01484143,1
1,63591931219.4697,-0.004579776,0.007191703,1
1,63591931219.4896,-0.002031317,-0.005557847,1
1,63591931219.51,-0.003305546,-0.006832802,1
1,63591931219.5312,-0.002031317,-0.009382712,1
1,63591931219.5494,0.006888289,0.0008169278,1
1,63591931219.5696,0.006888289,-0.004282892,1
1,63591931219.5898,0.00561406,-0.01193262,1
1,63591931219.6096,-0.003305546,-0.009382712,1
1,63591931219.6299,-0.008402464,-0.02085731,1
1,63591931219.6494,-0.007128234,-0.004282892,1
1,63591931219.67,-0.007128234,-0.03105695,1
1,63591931219.6894,0.003065601,0.009741613,1
1,63591931219.7095,-0.009676693,0.003366838,1
1,63591931219.7298,-0.003305546,0.009741613,1
1,63591931219.7498,0.006888289,0.01101657,1
1,63591931219.7711,-0.02624168,-0.009382712,1
1,63591931219.7902,0.01198521,0.01611639,1
1,63591931219.8094,0.003065601,0.004641793,1
1,63591931219.8298,-0.0007570871,0.004641793,1
1,63591931219.8495,0.00561406,-0.009382712,1
1,63591931219.8698,-0.007128234,0.004641793,1
1,63591931219.8895,0.003065601,0.002091883,1
1,63591931219.9094,-0.01222515,-0.01320758,1
1,63591931219.9306,0.001791372,0.005916748,1
1,63591931219.9499,0.003065601,-0.01958235,1
1,63591931219.9698,0.01071098,-0.008107757,1
1,63591931219.9895,-0.003305546,-0.004282892,1
1,63591931220.0095,0.00561406,0.0008169278,1
1,63591931220.0319,0.00561406,0.004641793,1
1,63591931220.0505,-0.01222515,-0.0004580271,1
1,63591931220.0704,0.01453367,-0.01958235,1
1,63591931220.0907,-0.007128234,-0.004282892,1
1,63591931220.1095,0.00561406,0.003366838,1
1,63591931220.1299,-0.01349938,-0.0004580271,1
1,63591931220.1518,-0.002031317,0.002091883,1
1,63591931220.1704,-0.01732207,0.002091883,1
1,63591931220.1906,-0.01477361,-0.01065767,1
1,63591931220.2089,-0.01477361,-0.004282892,1
1,63591931220.2306,-0.01477361,-0.008107757,1
1,63591931220.2492,-0.005854005,-0.01065767,1
1,63591931220.2691,0.0005171423,0.01356648,1
1,63591931220.2895,0.006888289,0.002091883,1
1,63591931220.309,-0.004579776,0.02504107,1
1,63591931220.3294,0.003065601,-0.009382712,1
1,63591931220.3496,0.009436748,-0.004282892,1
1,63591931220.369,0.0005171423,0.0008169278,1
1,63591931220.3897,0.001791372,0.009741613,1
1,63591931220.409,-0.0007570871,-0.01193262,1
1,63591931220.4293,0.01198521,0.002091883,1
1,63591931220.4494,-0.003305546,0.002091883,1
1,63591931220.4696,-0.01349938,-0.01448253,1
1,63591931220.4909,-0.01349938,0.005916748,1
1,63591931220.5096,-0.002031317,-0.02468217,1
1,63591931220.5296,-0.01732207,-0.0004580271,1
1,63591931220.5496,-0.009676693,0.003366838,1
1,63591931220.5697,-0.003305546,-0.006832802,1
1,63591931220.5905,0.003065601,-0.001732982,1
1,63591931220.6102,-0.008402464,-0.009382712,1
1,63591931220.6304,0.003065601,0.005916748,1
1,63591931220.6502,0.006888289,-0.006832802,1
1,63591931220.6691,0.009436748,-0.003007937,1
1,63591931220.6894,-0.008402464,0.007191703,1
1,63591931220.7093,0.003065601,-0.004282892,1
1,63591931220.7294,0.001791372,0.0008169278,1
1,63591931220.7502,-0.005854005,0.004641793,1
1,63591931220.7695,0.00561406,0.0186663,1
1,63591931220.7904,0.001791372,0.009741613,1
1,63591931220.8094,0.00433983,0.008466657,1
1,63591931220.8296,0.003065601,0.003366838,1
1,63591931220.8494,-0.002031317,-0.0004580271,1
1,63591931220.8694,-0.004579776,-0.001732982,1
1,63591931220.8896,-0.009676693,0.0008169278,1
1,63591931220.91,-0.01349938,0.007191703,1
1,63591931220.9297,-0.008402464,-0.004282892,1
1,63591931220.9506,-0.004579776,-0.01065767,1
1,63591931220.9696,-0.007128234,-0.01575749,1
1,63591931220.9895,0.006888289,-0.003007937,1
1,63591931221.0094,-0.01732207,-0.01065767,1
1,63591931221.0294,0.003065601,0.004641793,1
1,63591931221.0521,0.009436748,-0.004282892,1
1,63591931221.0702,-0.002031317,-0.001732982,1
1,63591931221.0896,-0.002031317,0.008466657,1
1,63591931221.1096,-0.002031317,-0.01193262,1
1,63591931221.1295,0.02217904,-0.01193262,1
1,63591931221.1502,-0.01222515,-0.005557847,1
1,63591931221.1698,0.003065601,0.004641793,1
1,63591931221.1896,0.009436748,-0.003007937,1
1,63591931221.2094,-0.005854005,0.007191703,1
1,63591931221.2307,0.02090481,-0.01065767,1
1,63591931221.2512,-0.02241899,0.0008169278,1
1,63591931221.2698,0.006888289,-0.004282892,1
1,63591931221.2903,-0.007128234,-0.01958235,1
1,63591931221.3108,0.01325944,-0.005557847,1
1,63591931221.3319,0.009436748,0.002091883,1
1,63591931221.3502,-0.002031317,-0.001732982,1
1,63591931221.3695,0.02345327,-0.005557847,1
1,63591931221.3894,-0.01349938,-0.006832802,1
1,63591931221.4101,0.006888289,0.0008169278,1
1,63591931221.4295,-0.01987053,0.007191703,1
1,63591931221.4498,-0.003305546,-0.01575749,1
1,63591931221.4693,0.0005171423,-0.005557847,1
1,63591931221.4889,-0.01222515,0.01101657,1
1,63591931221.5089,0.001791372,0.004641793,1
1,63591931221.529,-0.003305546,-0.0183074,1
1,63591931221.5503,0.006888289,0.007191703,1
1,63591931221.5692,-0.009676693,0.0008169278,1
1,63591931221.5889,0.01071098,0.004641793,1
1,63591931221.6092,0.0005171423,0.0008169278,1
1,63591931221.6292,0.009436748,-0.003007937,1
1,63591931221.65,0.003065601,-0.003007937,1
1,63591931221.6706,0.0005171423,-0.004282892,1
1,63591931221.6928,-0.007128234,-0.009382712,1
1,63591931221.7092,0.008162519,-0.009382712,1
1,63591931221.7292,-0.003305546,0.009741613,1
1,63591931221.7496,0.003065601,0.0008169278,1
1,63591931225.7714,-0.009676693,-0.005557847,0
1,63591931225.7895,0.00433983,0.009741613,0
1,63591931225.8096,-0.0007570871,-0.01448253,0
1,63591931225.8298,0.006888289,0.007191703,0
1,63591931225.8525,-0.002031317,0.0008169278,0
1,63591931225.871,-0.01349938,-0.01320758,0
1,63591931225.8903,-0.01349938,0.02376612,0
1,63591931225.9094,-0.009676693,-0.004282892,0
1,63591931225.9312,0.01453367,0.008466657,0
1,63591931225.9502,-0.003305546,-0.01958235,0
1,63591931225.9725,-0.01222515,0.002091883,0
1,63591931225.9907,-0.004579776,0.008466657,0
1,63591931226.0127,-0.009676693,-0.003007937,0
1,63591931226.0312,0.02345327,0.003366838,0
1,63591931226.0531,-0.002031317,-0.009382712,0
1,63591931226.0703,-0.008402464,-0.003007937,0
1,63591931226.0888,0.003065601,-0.02468217,0
1,63591931226.109,-0.003305546,-0.009382712,0
1,63591931226.1311,0.02090481,-0.004282892,1
1,63591931226.1494,-0.007128234,-0.0004580271,1
1,63591931226.1691,-0.002031317,-0.009382712,1
1,63591931226.1888,-0.002031317,-0.01958235,1
1,63591931226.2089,0.001791372,0.004641793,1
1,63591931226.2298,-0.008402464,-0.02595713,1
1,63591931226.2489,0.00561406,-0.01958235,1
1,63591931226.2697,-0.0007570871,0.004641793,1
1,63591931226.289,-0.01349938,0.005916748,1
1,63591931226.3087,0.01071098,0.0008169278,1
1,63591931226.3304,0.008162519,-0.01065767,1
1,63591931226.3491,-0.002031317,0.005916748,1
1,63591931226.3694,-0.009676693,-0.003007937,1
1,63591931226.3887,0.008162519,0.007191703,1
1,63591931226.4089,0.00561406,0.004641793,1
1,63591931226.4297,-0.002031317,-0.004282892,1
1,63591931226.4492,0.01071098,-0.003007937,1
1,63591931226.4692,-0.003305546,-0.01193262,1
1,63591931226.4901,-0.01604784,0.004641793,1
1,63591931226.5089,-0.01222515,-0.01703244,1
1,63591931226.5312,-0.007128234,-0.01575749,1
1,63591931226.55,-0.003305546,-0.004282892,1
1,63591931226.5692,-0.0007570871,-0.009382712,1
1,63591931226.59,-0.01349938,0.009741613,1
1,63591931226.6089,-0.007128234,-0.01065767,1
1,63591931226.6299,0.001791372,0.002091883,1
1,63591931226.6491,-0.01732207,0.02376612,1
1,63591931226.6691,-0.007128234,0.003366838,1
1,63591931226.6893,-0.003305546,-0.008107757,1
1,63591931226.709,-0.008402464,0.002091883,1
1,63591931226.7309,-0.004579776,0.003366838,1
1,63591931226.7494,-0.002031317,0.0008169278,1
1,63591931226.7698,0.01708212,0.0008169278,1
1,63591931226.7904,-0.0007570871,-0.009382712,1
1,63591931226.8098,0.008162519,0.0008169278,1
1,63591931226.8311,-0.007128234,-0.01448253,1
1,63591931226.8509,0.00433983,0.007191703,1
1,63591931226.8693,-0.0007570871,0.002091883,1
1,63591931226.8892,-0.004579776,0.003366838,1
1,63591931226.9092,0.001791372,0.01611639,1
1,63591931226.9303,-0.01095092,-0.001732982,1
1,63591931226.9499,0.0005171423,-0.006832802,1
1,63591931226.9692,-0.007128234,-0.001732982,1
1,63591931226.9899,-0.007128234,0.004641793,1
1,63591931227.0095,0.0005171423,-0.01448253,1
1,63591931227.0321,-0.02624168,-0.01575749,1
1,63591931227.0503,0.00561406,0.003366838,1
1,63591931227.0712,-0.01222515,-0.01193262,1
1,63591931227.0904,0.01198521,-0.01575749,1
1,63591931227.1094,0.006888289,-0.01320758,1
1,63591931227.1317,-0.009676693,-0.001732982,1
1,63591931227.1506,-0.0007570871,-0.003007937,1
1,63591931227.1698,-0.01732207,0.0008169278,1
1,63591931227.1894,0.01325944,0.003366838,1
1,63591931227.2095,-0.008402464,-0.005557847,1
1,63591931227.2329,0.00433983,0.01229152,1
1,63591931227.2508,-0.002031317,0.002091883,1
1,63591931227.2686,-0.008402464,0.0008169278,1
1,63591931227.2889,0.0005171423,0.005916748,1
1,63591931227.3091,-0.0007570871,-0.001732982,1
1,63591931227.3294,0.006888289,0.004641793,1
1,63591931227.3491,0.00433983,-0.02085731,1
1,63591931227.3707,-0.002031317,0.0008169278,1
1,63591931227.3917,-0.0007570871,-0.02085731,1
1,63591931227.4094,-0.004579776,0.0008169278,1
1,63591931227.4287,0.001791372,-0.003007937,1
1,63591931227.4486,-0.003305546,0.003366838,1
1,63591931227.4685,-0.0007570871,-0.01320758,1
1,63591931227.4896,-0.007128234,0.0008169278,1
1,63591931227.5088,-0.0007570871,0.008466657,1
1,63591931227.5288,-0.01349938,-0.005557847,1
1,63591931227.5497,-0.0007570871,0.005916748,1
1,63591931227.5687,0.006888289,-0.009382712,1
1,63591931227.5894,-0.003305546,0.01101657,1
1,63591931227.6091,0.003065601,-0.0004580271,1
1,63591931227.6286,-0.01732207,-0.009382712,1
1,63591931227.6496,-0.005854005,-0.004282892,1
1,63591931227.6689,-0.002031317,-0.005557847,1
1,63591931227.6889,0.01198521,-0.001732982,1
1,63591931227.7089,0.01453367,-0.01065767,1
1,63591931227.729,0.003065601,-0.006832802,1
1,63591931227.7498,0.00561406,0.007191703,1
1,63591931227.7688,0.001791372,0.002091883,1
1,63591931227.7896,0.0005171423,0.004641793,1
1,63591931227.8088,0.00433983,-0.009382712,1
1,63591931227.8289,0.01198521,0.008466657,1
1,63591931227.8489,-0.009676693,-0.01958235,1
1,63591931227.8689,-0.007128234,-0.005557847,1
1,63591931227.8892,-0.02114476,0.0008169278,1
1,63591931227.9093,-0.009676693,0.0008169278,1
1,63591931227.9289,-0.01222515,-0.004282892,1
1,63591931227.9489,-0.008402464,0.0008169278,1
1,63591931227.9693,0.00561406,-0.003007937,1
1,63591931227.9894,-0.01604784,-0.005557847,1
1,63591931228.0095,0.00433983,-0.005557847,1
1,63591931228.0291,-0.002031317,0.01229152,1
1,63591931228.0511,-0.002031317,0.003366838,1
1,63591931228.07,0.00433983,-0.0004580271,1
1,63591931228.0916,-0.0007570871,-0.001732982,1
1,63591931228.1111,-0.002031317,0.004641793,1
1,63591931228.1303,0.008162519,-0.01320758,1
1,63591931228.1529,0.006888289,0.005916748,1
1,63591931228.1697,0.003065601,-0.004282892,1
1,63591931228.1893,0.006888289,-0.005557847,1
1,63591931228.2094,-0.007128234,-0.009382712,1
1,63591931228.2301,-0.003305546,-0.009382712,1
1,63591931228.2499,-0.002031317,0.005916748,1
1,63591931228.2702,-0.005854005,0.002091883,1
1,63591931228.2903,0.008162519,0.005916748,1
1,63591931228.3103,-0.009676693,-0.009382712,1
1,63591931228.3297,0.00561406,0.0008169278,1
1,63591931228.3493,-0.007128234,-0.004282892,1
1,63591931228.3691,0.001791372,0.004641793,1
1,63591931228.3893,-0.008402464,-0.0004580271,1
1,63591931228.4119,-0.0007570871,-0.01448253,1
1,63591931228.4291,-0.007128234,0.0008169278,1
1,63591931228.449,-0.0185963,-0.01193262,1
1,63591931228.4687,-0.02496745,-0.01575749,1
1,63591931228.4883,-0.003305546,-0.004282892,1
1,63591931228.509,0.00433983,-0.01958235,1
1,63591931228.5297,-0.005854005,0.004641793,1
1,63591931228.5511,0.001791372,-0.001732982,1
1,63591931228.5696,0.001791372,0.0008169278,1
1,63591931228.5885,-0.0007570871,-0.01575749,1
1,63591931228.6093,0.003065601,0.02376612,1
1,63591931228.6283,0.0005171423,-0.01958235,1
1,63591931228.6488,-0.002031317,0.0186663,1
1,63591931228.6695,-0.01349938,0.007191703,1
1,63591931228.6885,-0.007128234,-0.0183074,1
1,63591931228.7088,0.006888289,0.01101657,1
1,63591931228.7287,0.008162519,-0.005557847,1
1,63591931228.7494,-0.007128234,-0.009382712,1
1,63591931228.7698,0.00561406,-0.01703244,1
1,63591931228.7887,-0.01222515,-0.006832802,1
1,63591931228.8109,0.008162519,0.007191703,1
1,63591931228.8291,-0.005854005,0.005916748,1
1,63591931228.8492,0.006888289,-0.006832802,1
1,63591931228.8691,-0.01349938,-0.001732982,1
1,63591931228.8885,0.003065601,0.01101657,1
1,63591931228.9088,-0.003305546,-0.0004580271,1
1,63591931228.9288,-0.008402464,-0.009382712,1
1,63591931228.949,0.003065601,-0.008107757,1
1,63591931228.9695,-0.004579776,-0.001732982,1
1,63591931228.9888,-0.004579776,0.0008169278,1
1,63591931229.0094,-0.005854005,-0.02978199,1
1,63591931229.0286,-0.009676693,0.0008169278,1
1,63591931229.0491,-0.01222515,-0.01575749,1
1,63591931229.0691,0.00433983,0.005916748,1
1,63591931229.0891,-0.007128234,-0.01320758,1
1,63591931229.109,-0.01095092,0.005916748,1
1,63591931229.1306,0.001791372,0.002091883,1
1,63591931229.149,0.01071098,-0.001732982,1
1,63591931229.1721,0.01198521,0.01356648,1
1,63591931229.1897,-0.01095092,0.0008169278,1
1,63591931229.2091,0.003065601,0.004641793,1
1,63591931229.2333,0.00561406,-0.006832802,1
1,63591931229.2495,-0.01732207,-0.006832802,1
1,63591931229.2692,-0.007128234,0.0008169278,1
1,63591931229.289,-0.01349938,-0.004282892,1
1,63591931229.3093,-0.002031317,-0.003007937,1
1,63591931229.3305,-0.01604784,0.003366838,1
1,63591931229.3489,0.006888289,-0.01575749,1
1,63591931229.3696,0.00561406,-0.006832802,1
1,63591931229.3894,-0.01987053,-0.006832802,1
1,63591931229.4093,-0.002031317,0.009741613,1
1,63591931229.4297,-0.01477361,0.0008169278,1
1,63591931229.449,0.01071098,0.008466657,1
1,63591931229.47,0.006888289,-0.01193262,1
1,63591931229.4894,-0.009676693,0.0186663,1
1,63591931229.5091,0.02217904,-0.02213226,1
1,63591931229.53,0.00433983,0.0008169278,1
1,63591931229.5491,-0.01095092,-0.0004580271,1
1,63591931229.57,-0.004579776,0.009741613,1
1,63591931229.5916,0.001791372,-0.001732982,1
1,63591931229.6095,0.00433983,0.009741613,1
1,63591931229.6288,0.00561406,-0.004282892,1
1,63591931229.6485,0.01325944,-0.01193262,1
1,63591931229.6688,-0.01477361,0.005916748,1
1,63591931229.689,0.01071098,0.0008169278,1
1,63591931229.7083,0.00433983,-0.003007937,1
1,63591931229.7288,-0.01349938,-0.001732982,1
1,63591931229.7485,-0.0185963,-0.004282892,1
1,63591931229.7689,-0.005854005,-0.001732982,1
1,63591931229.7885,-0.0007570871,0.0008169278,1
1,63591931229.8086,-0.01349938,0.0008169278,1
1,63591931229.8297,-0.005854005,0.005916748,1
1,63591931229.8485,0.01071098,-0.01958235,1
1,63591931229.8687,-0.0007570871,-0.006832802,1
1,63591931229.8886,-0.01222515,-0.004282892,1
1,63591931229.9086,0.0005171423,-0.01320758,1
1,63591931229.9306,0.001791372,-0.004282892,1
1,63591931229.9487,0.003065601,-0.01193262,1
1,63591931229.9691,-0.01095092,0.01484143,1
1,63591931229.9886,0.006888289,0.0008169278,1
1,63591931230.0086,-0.002031317,0.002091883,1
1,63591931230.03,-0.003305546,0.01739134,1
1,63591931230.0491,0.02345327,0.002091883,1
1,63591931230.0689,0.009436748,0.0008169278,1
1,63591931230.0886,0.003065601,0.004641793,1
1,63591931230.1085,-0.01222515,0.008466657,1
1,63591931230.1288,-0.0275159,0.004641793,1
1,63591931230.1488,-0.007128234,-0.004282892,1
1,63591931230.1692,-0.0007570871,0.007191703,1
1,63591931230.1908,-0.01222515,-0.001732982,1
1,63591931230.2087,-0.008402464,-0.01448253,1
1,63591931230.2295,0.00433983,0.01101657,1
1,63591931230.2498,-0.01222515,0.008466657,1
1,63591931230.2691,-0.01095092,0.003366838,1
1,63591931230.2901,0.003065601,0.005916748,1
1,63591931230.3088,-0.01095092,-0.01193262,1
1,63591931230.3298,0.01198521,0.0008169278,1
1,63591931230.3498,-0.009676693,-0.006832802,1
1,63591931230.3688,0.00561406,-0.003007937,1
1,63591931230.3893,0.001791372,0.004641793,1
1,63591931230.4091,-0.005854005,-0.005557847,1
1,63591931230.4297,0.008162519,-0.004282892,1
1,63591931230.449,0.001791372,0.008466657,1
1,63591931230.4693,-0.007128234,-0.001732982,1
1,63591931230.4898,-0.005854005,-0.004282892,1
1,63591931230.5089,0.01453367,-0.003007937,1
1,63591931230.5294,-0.002031317,-0.009382712,1
1,63591931230.5489,-0.01095092,0.0008169278,1
1,63591931230.57,0.00561406,0.005916748,1
1,63591931230.5898,-0.003305546,-0.001732982,1
1,63591931230.6093,-0.005854005,0.007191703,1
1,63591931230.6295,-0.01604784,-0.006832802,1
1,63591931230.6496,-0.0007570871,0.007191703,1
1,63591931230.6693,-0.003305546,0.0008169278,1
1,63591931230.6894,-0.01349938,0.0008169278,1
1,63591931230.709,0.01198521,-0.01320758,1
1,63591931230.7294,-0.01095092,-0.004282892,1
1,63591931230.7498,-0.002031317,-0.006832802,1
1,63591931230.7714,-0.009676693,-0.005557847,1
1,63591931230.7899,-0.0007570871,0.004641793,1
1,63591931230.8088,-0.0007570871,-0.005557847,1
1,63591931230.8291,-0.009676693,0.003366838,1
1,63591931230.849,-0.01095092,-0.02340722,1
1,63591931230.8684,-0.007128234,0.01101657,1
1,63591931230.8892,0.006888289,-0.008107757,1
1,63591931230.9085,-0.01732207,0.008466657,1
1,63591931230.9288,-0.01095092,-0.006832802,1
1,63591931230.9488,0.003065601,-0.009382712,1
1,63591931230.9688,0.009436748,0.002091883,1
1,63591931230.9885,-0.008402464,0.01101657,1
1,63591931231.0089,0.01580789,-0.003007937,1
1,63591931231.0286,0.00561406,-0.006832802,1
1,63591931231.049,-0.005854005,0.002091883,1
1,63591931231.0689,0.008162519,-0.01703244,1
1,63591931231.0886,-0.005854005,-0.0183074,1
1,63591931231.1086,-0.01604784,-0.009382712,1
1,63591931231.1289,-0.01477361,0.003366838,1
1,63591931231.1494,-0.0007570871,-0.006832802,1
1,63591931231.1687,-0.01095092,-0.01575749,1
1,63591931231.1889,-0.01349938,0.0008169278,1
1,63591931231.2097,-0.0007570871,-0.009382712,1
1,63591931231.2289,-0.004579776,-0.01193262,1
1,63591931231.2489,-0.002031317,-0.01065767,1
1,63591931231.2687,-0.004579776,-0.008107757,1
1,63591931231.2892,0.003065601,-0.008107757,1
1,63591931231.3111,-0.009676693,-0.005557847,1
1,63591931231.3298,-0.003305546,-0.004282892,1
1,63591931231.3494,0.00433983,-0.005557847,1
1,63591931231.3707,-0.003305546,0.01229152,1
1,63591931231.3894,0.0005171423,0.0008169278,1
1,63591931231.4098,-0.01222515,-0.004282892,1
1,63591931231.4291,0.01071098,0.004641793,1
1,63591931231.4495,-0.01349938,0.004641793,1
1,63591931231.4687,0.003065601,-0.005557847,1
1,63591931231.489,-0.005854005,-0.01065767,1
1,63591931231.5089,-0.01222515,-0.0004580271,1
1,63591931231.5287,0.00433983,-0.004282892,1
1,63591931231.55,-0.007128234,0.004641793,1
1,63591931231.5694,0.01453367,0.0008169278,1
1,63591931231.5889,0.003065601,-0.009382712,1
1,63591931231.6092,-0.0007570871,-0.004282892,1
1,63591931231.6288,-0.003305546,-0.001732982,1
1,63591931231.6493,-0.002031317,0.002091883,1
1,63591931231.6695,-0.009676693,-0.003007937,1
1,63591931231.6891,-0.005854005,-0.006832802,1
1,63591931231.7102,-0.004579776,0.008466657,1
1,63591931231.7293,-0.01095092,-0.01448253,1
1,63591931231.7491,-0.004579776,0.003366838,1
1,63591931231.7692,-0.009676693,-0.01958235,1
1,63591931231.7897,-0.009676693,0.005916748,1
1,63591931231.8096,-0.009676693,0.0008169278,1
1,63591931231.8297,-0.005854005,-0.02213226,1
1,63591931231.8498,-0.002031317,0.004641793,1
1,63591931231.8705,-0.0007570871,0.004641793,1
1,63591931231.8927,0.01453367,0.003366838,1
1,63591931231.9097,0.00561406,-0.0183074,1
1,63591931231.9296,0.001791372,0.002091883,1
1,63591931231.9511,0.003065601,-0.001732982,1
1,63591931231.9698,-0.002031317,0.009741613,1
1,63591931231.9885,0.00433983,-0.01065767,1
1,63591931232.01,-0.009676693,0.0008169278,1
1,63591931232.0283,-0.0007570871,0.01611639,1
1,63591931232.0485,-0.004579776,-0.004282892,1
1,63591931232.0694,-0.005854005,-0.0004580271,1
1,63591931232.0881,-0.005854005,-0.0004580271,1
1,63591931232.1088,-0.01349938,-0.005557847,1
1,63591931232.1286,-0.003305546,-0.004282892,1
1,63591931232.1485,0.003065601,-0.01575749,1
1,63591931232.1696,-0.0007570871,0.003366838,1
1,63591931232.1886,0.001791372,0.0008169278,1
1,63591931232.2107,-0.009676693,0.005916748,1
1,63591931232.2302,-0.004579776,-0.006832802,1
1,63591931232.2488,-0.01349938,-0.005557847,1
1,63591931232.2691,-0.004579776,-0.009382712,1
1,63591931232.2883,-0.009676693,-0.009382712,1
1,63591931232.309,0.001791372,-0.0183074,1
1,63591931232.3284,0.00433983,-0.01958235,1
1,63591931232.349,-0.009676693,-0.0004580271,1
1,63591931232.3699,0.009436748,-0.01320758,1
1,63591931232.3892,0.006888289,-0.003007937,1
1,63591931232.4092,-0.008402464,0.0008169278,1
1,63591931232.429,-0.009676693,0.0186663,1
1,63591931232.449,0.02345327,-0.01193262,1
1,63591931232.4693,-0.002031317,-0.0004580271,1
1,63591931232.4889,-0.007128234,0.01356648,1
1,63591931232.509,-0.003305546,0.005916748,1
1,63591931232.5285,-0.008402464,-0.003007937,1
1,63591931232.5493,-0.004579776,-0.01193262,1
1,63591931232.5693,-0.01604784,-0.0004580271,1
1,63591931232.5895,0.008162519,-0.01703244,1
1,63591931232.6091,-0.007128234,-0.01065767,1
1,63591931232.6294,-0.01349938,0.0008169278,1
1,63591931232.649,0.001791372,-0.005557847,1
1,63591931232.669,-0.007128234,-0.001732982,1
1,63591931232.6887,-0.0185963,0.002091883,1
1,63591931232.709,-0.0007570871,-0.008107757,1
1,63591931232.7289,-0.008402464,-0.004282892,1
1,63591931232.7489,-0.01987053,-0.0004580271,1
1,63591931232.7691,-0.007128234,0.009741613,1
1,63591931232.7889,0.0005171423,-0.004282892,1
1,63591931232.8086,0.006888289,0.005916748,1
1,63591931232.829,-0.004579776,0.0008169278,1
1,63591931232.8491,-0.005854005,0.009741613,1
1,63591931232.8694,0.008162519,-0.01065767,1
1,63591931232.889,0.001791372,0.008466657,1
1,63591931232.9089,-0.0007570871,-0.006832802,1
1,63591931232.93,-0.0007570871,-0.0004580271,1
1,63591931232.9489,0.0005171423,0.005916748,1
1,63591931232.9698,-0.005854005,-0.005557847,1
1,63591931232.9893,0.001791372,0.005916748,1
1,63591931233.009,-0.007128234,-0.01448253,1
1,63591931233.0302,-0.004579776,-0.006832802,1
1,63591931233.049,0.006888289,-0.004282892,1
1,63591931233.0696,-0.008402464,-0.01065767,1
1,63591931233.0894,0.00561406,-0.006832802,1
1,63591931233.1094,-0.009676693,-0.02340722,1
1,63591931233.1325,-0.009676693,0.005916748,1
1,63591931233.1501,-0.002031317,-0.009382712,1
1,63591931233.1689,-0.01987053,-0.008107757,1
1,63591931233.1887,-0.005854005,-0.008107757,1
1,63591931233.2083,-0.002031317,0.005916748,1
1,63591931233.2306,-0.005854005,-0.005557847,1
1,63591931233.2486,-0.007128234,0.005916748,1
1,63591931233.2684,-0.003305546,-0.003007937,1
1,63591931233.289,0.00433983,-0.003007937,1
1,63591931233.309,-0.003305546,0.002091883,1
1,63591931233.3289,0.01835635,-0.01065767,1
1,63591931233.3486,-0.009676693,-0.001732982,1
1,63591931233.3687,0.01071098,0.009741613,1
1,63591931233.3883,-0.005854005,-0.009382712,1
1,63591931233.4084,0.008162519,-0.001732982,1
1,63591931233.4292,-0.0007570871,-0.01958235,1
1,63591931233.4489,-0.002031317,0.002091883,1
1,63591931233.4693,-0.007128234,-0.003007937,1
1,63591931233.4891,-0.0007570871,-0.01065767,1
1,63591931233.51,-0.002031317,-0.001732982,1
1,63591931233.5287,-0.005854005,0.002091883,1
1,63591931233.5493,-0.002031317,0.0008169278,1
1,63591931233.5686,-0.01604784,0.0008169278,1
1,63591931233.5892,-0.01349938,-0.009382712,1
1,63591931233.6084,-0.005854005,-0.01575749,1
1,63591931233.6289,-0.004579776,-0.01448253,1
1,63591931233.6488,-0.01604784,0.01611639,1
1,63591931233.6687,-0.0007570871,-0.005557847,1
1,63591931233.6896,0.01198521,0.009741613,1
1,63591931233.7082,-0.005854005,0.0008169278,1
1,63591931233.7292,-0.002031317,0.0008169278,1
1,63591931233.7489,-0.007128234,0.0008169278,1
1,63591931233.769,0.00433983,-0.006832802,1
1,63591931233.79,-0.007128234,0.02631603,1
1,63591931233.8091,0.00561406,0.01356648,1
1,63591931233.8287,0.00433983,-0.001732982,1
1,63591931233.8486,-0.008402464,-0.005557847,1
1,63591931233.8694,-0.003305546,0.01229152,1
1,63591931233.889,0.00433983,-0.01320758,1
1,63591931233.9087,-0.003305546,0.01994125,1
1,63591931233.929,-0.007128234,0.007191703,1
1,63591931233.9495,-0.008402464,-0.02340722,1
1,63591931233.9689,-0.005854005,-0.005557847,1
1,63591931233.989,-0.005854005,-0.01320758,1
1,63591931234.0089,0.0005171423,-0.004282892,1
1,63591931234.0298,0.009436748,-0.01065767,1
1,63591931234.0495,-0.005854005,-0.008107757,1
1,63591931234.069,-0.009676693,-0.009382712,1
1,63591931234.0897,-0.007128234,-0.008107757,1
1,63591931234.1094,0.00561406,-0.009382712,1
1,63591931234.1296,-0.01477361,0.009741613,1
1,63591931234.1499,0.00433983,0.008466657,1
1,63591931234.1701,0.00433983,-0.009382712,1
1,63591931234.1891,-0.01349938,0.009741613,1
1,63591931234.2093,0.006888289,-0.006832802,1
1,63591931234.2315,-0.002031317,0.004641793,1
1,63591931234.2516,-0.002031317,0.008466657,1
1,63591931234.2699,-0.01349938,0.0008169278,1
1,63591931234.2898,-0.007128234,0.01356648,1
1,63591931234.3118,-0.0007570871,-0.01320758,1
1,63591931234.3294,-0.004579776,0.0008169278,1
1,63591931234.349,0.0005171423,-0.01575749,1
1,63591931234.3687,-0.005854005,0.005916748,1
1,63591931234.3889,0.003065601,0.003366838,1
1,63591931234.4085,0.001791372,-0.01575749,1
1,63591931234.4287,0.006888289,0.0008169278,1
1,63591931234.4492,-0.02369322,-0.003007937,1
1,63591931234.4686,0.006888289,-0.009382712,1
1,63591931234.4889,-0.01349938,0.004641793,1
1,63591931234.5096,-0.01349938,-0.001732982,1
1,63591931234.5287,-0.01349938,-0.0004580271,1
1,63591931234.5573,-0.01349938,-0.009382712,1
1,63591931234.5711,0.001791372,-0.004282892,1
1,63591931234.5922,-0.007128234,-0.01575749,1
1,63591931234.6105,-0.002031317,0.007191703,1
1,63591931234.6285,0.00433983,-0.02595713,1
1,63591931234.6498,-0.01349938,0.007191703,1
1,63591931234.6687,-0.003305546,-0.003007937,1
1,63591931234.6886,-0.009676693,-0.006832802,1
1,63591931234.7091,0.009436748,0.004641793,1
1,63591931234.7291,-0.01095092,-0.005557847,1
1,63591931234.7487,0.0005171423,-0.001732982,1
1,63591931234.7697,-0.007128234,-0.0004580271,1
1,63591931234.789,-0.008402464,-0.001732982,1
1,63591931234.8094,0.003065601,-0.006832802,1
1,63591931234.8282,-0.01095092,-0.004282892,1
1,63591931234.849,0.008162519,-0.001732982,1
1,63591931234.869,-0.003305546,0.003366838,1
1,63591931234.8886,0.01071098,-0.009382712,1
1,63591931234.9091,-0.002031317,-0.01448253,1
1,63591931234.9284,-0.008402464,0.007191703,1
1,63591931234.9503,-0.005854005,0.0008169278,1
1,63591931234.9697,0.003065601,-0.006832802,1
1,63591931234.9891,-0.002031317,0.004641793,1
1,63591931235.0092,-0.007128234,-0.01065767,1
1,63591931235.0292,-0.008402464,0.0008169278,1
1,63591931235.0506,0.0005171423,-0.0183074,1
1,63591931235.0691,-0.005854005,-0.004282892,1
1,63591931235.089,-0.0185963,-0.006832802,1
1,63591931235.1096,-0.005854005,0.003366838,1
1,63591931235.1288,-0.01095092,0.005916748,1
1,63591931235.1493,-0.004579776,-0.0004580271,1
1,63591931235.1696,0.0005171423,0.002091883,1
1,63591931235.1898,0.00433983,-0.01958235,1
1,63591931235.2111,0.001791372,0.01356648,1
1,63591931235.2296,-0.003305546,-0.01958235,1
1,63591931235.2493,-0.0007570871,0.008466657,1
1,63591931235.2705,-0.008402464,0.01994125,1
1,63591931235.2889,-0.003305546,0.009741613,1
1,63591931235.3093,0.001791372,0.0008169278,1
1,63591931235.3292,-0.002031317,-0.001732982,1
1,63591931235.3497,-0.004579776,-0.001732982,1
1,63591931235.3728,0.001791372,-0.01958235,1
1,63591931235.3891,-0.0007570871,-0.01320758,1
1,63591931235.4099,-0.003305546,-0.001732982,1
1,63591931235.429,0.00433983,-0.0183074,1
1,63591931235.4491,-0.008402464,0.0008169278,1
1,63591931235.4696,0.00433983,-0.01958235,1
1,63591931235.4906,-0.004579776,0.0008169278,1
1,63591931235.5108,-0.01349938,-0.001732982,1
1,63591931235.5288,-0.002031317,-0.005557847,1
1,63591931235.5486,0.001791372,0.004641793,1
1,63591931235.5684,-0.009676693,-0.001732982,1
1,63591931235.5888,-0.008402464,-0.01958235,1
1,63591931235.6099,0.006888289,0.002091883,1
1,63591931235.6287,0.003065601,-0.009382712,1
1,63591931235.6489,0.01198521,-0.009382712,1
1,63591931235.6711,-0.01222515,-0.0004580271,1
1,63591931235.6881,0.009436748,-0.008107757,1
1,63591931235.7089,0.006888289,-0.009382712,1
1,63591931235.7285,-0.007128234,0.0008169278,1
1,63591931235.7484,0.00561406,-0.005557847,1
1,63591931235.768,-0.003305546,0.009741613,1
1,63591931235.7886,-0.009676693,-0.01320758,1
1,63591931235.8091,0.00433983,0.003366838,1
1,63591931235.8293,-0.005854005,-0.01575749,1
1,63591931235.8484,-0.009676693,-0.008107757,1
1,63591931235.869,-0.01095092,0.004641793,1
1,63591931235.8889,-0.007128234,-0.009382712,1
1,63591931235.9087,0.009436748,-0.02468217,1
1,63591931235.9291,-0.01477361,0.0008169278,1
1,63591931235.9483,-0.002031317,-0.005557847,1
1,63591931235.9689,-0.007128234,-0.005557847,1
1,63591931235.9886,-0.005854005,-0.01703244,1
1,63591931236.0088,-0.002031317,-0.01193262,1
1,63591931236.0286,-0.01604784,-0.005557847,1
1,63591931236.0485,-0.003305546,0.003366838,1
1,63591931236.0697,-0.005854005,-0.02213226,1
1,63591931236.0889,0.003065601,-0.005557847,1
1,63591931236.1084,0.003065601,-0.02340722,1
1,63591931236.129,0.00561406,-0.009382712,1
1,63591931236.1486,-0.0007570871,-0.005557847,1
1,63591931236.1691,0.01198521,-0.008107757,1
1,63591931236.1889,-0.003305546,0.01229152,1
1,63591931236.2091,0.003065601,-0.005557847,1
1,63591931236.2301,-0.002031317,0.003366838,1
1,63591931236.249,0.01453367,-0.005557847,1
1,63591931236.2695,0.008162519,-0.005557847,1
1,63591931236.2893,0.0005171423,-0.009382712,1
1,63591931236.3096,-0.005854005,-0.01703244,1
1,63591931236.3296,-0.007128234,-0.0004580271,1
1,63591931236.3488,-0.01477361,-0.009382712,1
1,63591931236.3689,-0.004579776,0.009741613,1
1,63591931236.39,-0.005854005,-0.01065767,1
1,63591931236.4089,-0.0007570871,-0.01193262,1
1,63591931236.4295,-0.009676693,-0.01320758,1
1,63591931236.449,-0.01987053,0.0008169278,1
1,63591931236.4695,-0.007128234,0.003366838,1
1,63591931236.4891,-0.01349938,-0.008107757,1
1,63591931236.509,-0.007128234,0.005916748,1
1,63591931236.5308,-0.008402464,-0.01958235,1
1,63591931236.5504,-0.005854005,-0.0004580271,1
1,63591931236.57,-0.01222515,-0.02085731,1
1,63591931236.5906,-0.005854005,-0.009382712,1
1,63591931236.6091,0.001791372,0.002091883,1
1,63591931236.6303,-0.002031317,0.004641793,1
1,63591931236.6495,0.01580789,-0.001732982,1
1,63591931236.6711,-0.002031317,-0.0004580271,1
1,63591931236.691,-0.004579776,0.0186663,1
1,63591931236.7085,0.006888289,-0.0183074,1
1,63591931236.7298,-0.007128234,0.01101657,1
1,63591931236.7492,-0.004579776,0.007191703,1
1,63591931236.7688,-0.008402464,-0.01320758,1
1,63591931236.7886,-0.002031317,-0.001732982,1
1,63591931236.8081,-0.01477361,0.004641793,1
1,63591931236.8289,0.006888289,0.01101657,1
1,63591931236.8494,-0.01095092,-0.004282892,1
1,63591931236.8682,0.01071098,-0.01193262,1
1,63591931236.8888,-0.01604784,-0.0004580271,1
1,63591931236.9091,-0.007128234,-0.01575749,1
1,63591931236.9285,0.01325944,-0.01065767,1
1,63591931236.9485,-0.009676693,-0.01703244,1
1,63591931236.9684,0.006888289,-0.004282892,1
1,63591931236.989,-0.002031317,-0.0004580271,1
1,63591931237.0084,-0.01732207,0.002091883,1
1,63591931237.0293,0.006888289,-0.008107757,1
1,63591931237.0494,-0.007128234,0.002091883,1
1,63591931237.0687,0.003065601,0.009741613,1
1,63591931237.0886,-0.009676693,-0.005557847,1
1,63591931237.1085,-0.008402464,0.01611639,1
1,63591931237.1287,0.01198521,-0.001732982,1
1,63591931237.1487,-0.005854005,0.01101657,1
1,63591931237.1686,-0.01604784,-0.001732982,1
1,63591931237.1889,0.003065601,-0.009382712,1
1,63591931237.2088,-0.002031317,0.0008169278,1
1,63591931237.2294,-0.01095092,-0.004282892,1
1,63591931237.249,-0.008402464,0.01101657,1
1,63591931237.2687,0.0005171423,-0.02213226,1
1,63591931237.2917,0.001791372,0.007191703,1
1,63591931237.3106,-0.004579776,0.002091883,1
1,63591931237.3297,-0.004579776,-0.01193262,1
1,63591931237.3489,-0.008402464,0.0008169278,1
1,63591931237.3689,-0.007128234,-0.009382712,1
1,63591931237.3901,0.01708212,0.0008169278,1
1,63591931237.4102,-0.004579776,-0.02085731,1
1,63591931237.4285,0.009436748,-0.004282892,1
1,63591931237.4488,0.0005171423,-0.009382712,1
1,63591931237.4685,-0.002031317,0.007191703,1
1,63591931237.4889,0.00561406,-0.008107757,1
1,63591931237.5093,-0.007128234,-0.003007937,1
1,63591931237.5291,0.009436748,0.008466657,1
1,63591931237.5498,0.006888289,-0.001732982,1
1,63591931237.5685,0.008162519,-0.001732982,1
1,63591931237.5905,-0.002031317,-0.003007937,1
1,63591931237.609,0.001791372,0.01101657,1
1,63591931237.629,0.01198521,-0.005557847,1
1,63591931237.6491,-0.004579776,0.009741613,1
1,63591931237.6693,-0.0007570871,0.007191703,1
1,63591931237.6892,-0.007128234,-0.0183074,1
1,63591931237.709,0.006888289,0.01101657,1
1,63591931237.729,-0.009676693,-0.01193262,1
1,63591931237.7503,-0.002031317,-0.008107757,1
1,63591931237.7702,-0.01222515,-0.01065767,1
1,63591931237.7901,-0.004579776,-0.01065767,1
1,63591931237.813,-0.009676693,-0.01320758,1
1,63591931237.8288,-0.01732207,-0.004282892,1
1,63591931237.8514,-0.002031317,0.0008169278,1
1,63591931237.8697,-0.01349938,-0.01065767,1
1,63591931237.8885,-0.004579776,0.0008169278,1
1,63591931237.9089,-0.003305546,-0.01448253,1
1,63591931237.9281,-0.01477361,-0.0183074,1
1,63591931237.9488,0.003065601,0.002091883,1
1,63591931237.9688,-0.01732207,-0.008107757,1
1,63591931237.9883,0.01835635,-0.0004580271,1
1,63591931238.0079,-0.003305546,0.0008169278,1
1,63591931238.0281,0.01325944,-0.0004580271,1
1,63591931238.0493,-0.01222515,0.0008169278,1
1,63591931238.0703,0.008162519,-0.004282892,1
1,63591931238.0883,0.01198521,0.002091883,1
1,63591931238.109,-0.0185963,-0.003007937,1
1,63591931238.1279,0.009436748,-0.01065767,1
1,63591931238.1484,-0.008402464,0.01611639,1
1,63591931238.1686,-0.002031317,-0.001732982,1
1,63591931238.1885,-0.004579776,-0.001732982,1
1,63591931238.2107,-0.01349938,0.005916748,1
1,63591931238.2283,-0.0007570871,-0.004282892,1
1,63591931238.2486,0.006888289,-0.005557847,1
1,63591931238.2693,-0.003305546,-0.001732982,1
1,63591931238.288,-0.008402464,-0.0004580271,1
1,63591931238.3115,-0.009676693,-0.01065767,1
1,63591931238.3284,-0.01349938,-0.01448253,1
1,63591931238.3484,-0.01477361,-0.01448253,1
1,63591931238.3688,-0.008402464,-0.006832802,1
1,63591931238.3885,-0.02496745,-0.0183074,1
1,63591931238.4085,-0.0007570871,-0.009382712,1
1,63591931238.4283,-0.002031317,-0.009382712,1
1,63591931238.449,0.009436748,-0.009382712,1
1,63591931238.4695,-0.004579776,-0.01320758,1
1,63591931238.4881,-0.01987053,-0.0004580271,1
1,63591931238.5091,-0.007128234,-0.004282892,1
1,63591931238.5285,-0.01604784,-0.0004580271,1
1,63591931238.5487,-0.004579776,0.01356648,1
1,63591931238.5694,0.02217904,-0.0004580271,1
1,63591931238.5886,-0.008402464,-0.004282892,1
1,63591931238.6101,0.0005171423,-0.01193262,1
1,63591931238.6286,-0.01222515,0.0008169278,1
1,63591931238.6498,-0.009676693,-0.01065767,1
1,63591931238.6696,0.0005171423,-0.01448253,1
1,63591931238.6893,-0.008402464,0.005916748,1
1,63591931238.7085,-0.007128234,0.003366838,1
1,63591931238.7286,0.001791372,0.002091883,1
1,63591931238.7488,-0.005854005,-0.006832802,1
1,63591931238.7693,0.006888289,-0.009382712,1
1,63591931238.7886,-0.005854005,-0.004282892,1
1,63591931238.8091,0.001791372,-0.01193262,1
1,63591931238.8301,-0.008402464,-0.01703244,1
1,63591931238.8504,0.00433983,-0.001732982,1
1,63591931238.8707,-0.01349938,-0.009382712,1
1,63591931238.8908,-0.01222515,-0.004282892,1
1,63591931238.9092,-0.008402464,0.02249116,1
1,63591931238.9299,0.0005171423,-0.009382712,1
1,63591931238.9491,-0.008402464,0.0008169278,1
1,63591931238.9702,-0.008402464,-0.01065767,1
1,63591931238.989,-0.01349938,0.003366838,1
1,63591931239.0093,-0.01222515,-0.008107757,1
1,63591931239.0314,-0.007128234,-0.004282892,1
1,63591931239.0507,0.01198521,-0.004282892,1
1,63591931239.0691,0.01071098,-0.005557847,1
1,63591931239.0882,0.006888289,0.004641793,1
1,63591931239.1082,0.00433983,-0.009382712,1
1,63591931239.129,0.003065601,-0.005557847,1
1,63591931239.1483,0.0005171423,-0.005557847,1
1,63591931239.169,-0.01732207,-0.008107757,1
1,63591931239.1886,0.01071098,-0.006832802,1
1,63591931239.2081,-0.002031317,-0.004282892,1
1,63591931239.2298,-0.002031317,0.01994125,1
1,63591931239.2483,0.0005171423,-0.008107757,1
1,63591931239.2692,0.00561406,-0.01320758,1
1,63591931239.2884,-0.0007570871,0.002091883,1
1,63591931239.3081,-0.0185963,-0.01958235,1
1,63591931239.3316,0.0005171423,-0.01065767,1
1,63591931239.3482,0.0005171423,-0.001732982,1
1,63591931239.3694,0.009436748,0.005916748,1
1,63591931239.3882,-0.007128234,-0.01065767,1
1,63591931239.4082,-0.003305546,-0.001732982,1
1,63591931239.4306,0.003065601,0.0008169278,1
1,63591931239.4479,-0.01604784,0.009741613,1
1,63591931239.4688,-0.003305546,-0.004282892,1
1,63591931239.4887,-0.01095092,0.008466657,1
1,63591931239.5089,0.006888289,0.0008169278,1
1,63591931239.5289,-0.004579776,0.003366838,1
1,63591931239.5483,0.006888289,0.0186663,1
1,63591931239.5688,-0.01604784,-0.01065767,1
1,63591931239.5883,0.0005171423,0.007191703,1
1,63591931239.6091,-0.007128234,-0.003007937,1
1,63591931239.6304,-0.004579776,0.005916748,1
1,63591931239.6487,0.01198521,0.007191703,1
1,63591931239.6689,-0.009676693,0.0008169278,1
1,63591931239.6884,0.003065601,-0.004282892,1
1,63591931239.7085,0.0005171423,-0.005557847,1
1,63591931239.7289,-0.01477361,-0.005557847,1
1,63591931239.7486,-0.01604784,-0.006832802,1
1,63591931239.7688,-0.009676693,-0.01703244,1
1,63591931239.7895,0.006888289,-0.01448253,1
1,63591931239.8086,-0.007128234,-0.01320758,1
1,63591931239.829,-0.01349938,0.004641793,1
1,63591931239.8497,-0.01349938,-0.009382712,1
1,63591931239.8685,-0.005854005,0.004641793,1
1,63591931239.8898,0.003065601,0.0008169278,1
1,63591931239.9089,-0.002031317,-0.008107757,1
1,63591931239.9296,0.01198521,0.0008169278,1
1,63591931239.9521,-0.003305546,-0.01320758,1
1,63591931239.9688,0.001791372,-0.004282892,1
1,63591931239.9885,0.00561406,0.002091883,1
1,63591931240.0086,-0.007128234,0.01484143,1
1,63591931240.0297,-0.008402464,0.0008169278,1
1,63591931240.049,-0.005854005,0.007191703,1
1,63591931240.0688,-0.01222515,-0.004282892,1
1,63591931240.0893,-0.007128234,0.004641793,1
1,63591931240.1087,0.008162519,0.009741613,1
1,63591931240.1294,-0.002031317,0.01356648,1
1,63591931240.1501,0.001791372,-0.009382712,1
1,63591931240.1687,-0.003305546,-0.005557847,1
1,63591931240.1895,-0.01222515,0.007191703,1
1,63591931240.211,-0.003305546,-0.0004580271,1
1,63591931240.2302,-0.007128234,-0.008107757,1
1,63591931240.2485,-0.004579776,-0.01193262,1
1,63591931240.2683,0.001791372,0.003366838,1
1,63591931240.289,-0.004579776,-0.0004580271,1
1,63591931240.3099,0.00561406,-0.01193262,1
1,63591931240.3288,-0.01604784,-0.01065767,1
1,63591931240.3484,-0.002031317,-0.005557847,1
1,63591931240.3684,-0.004579776,-0.005557847,1
1,63591931240.3882,-0.004579776,0.0008169278,1
1,63591931240.4086,-0.009676693,-0.01575749,1
1,63591931240.4286,0.01198521,0.008466657,1
1,63591931240.4487,0.009436748,0.0008169278,1
1,63591931240.4682,-0.002031317,0.003366838,1
1,63591931240.4887,0.006888289,0.009741613,1
1,63591931240.5087,-0.005854005,0.004641793,1
1,63591931240.5282,-0.004579776,0.01356648,1
1,63591931240.5488,-0.002031317,-0.01448253,1
1,63591931240.5684,-0.007128234,0.005916748,1
1,63591931240.5888,0.01071098,-0.02213226,1
1,63591931240.6083,-0.009676693,0.0186663,1
1,63591931240.6294,0.00561406,0.008466657,1
1,63591931240.6483,0.001791372,-0.009382712,1
1,63591931240.6685,0.00433983,0.01101657,1
1,63591931240.6882,-0.01222515,-0.0004580271,1
1,63591931240.7087,0.001791372,0.003366838,1
1,63591931240.7283,0.001791372,0.0008169278,1
1,63591931240.749,-0.003305546,0.004641793,1
1,63591931240.7689,0.00433983,-0.004282892,1
1,63591931240.7888,-0.002031317,-0.01958235,1
1,63591931240.8091,0.01453367,-0.001732982,1
1,63591931240.829,-0.01604784,-0.01193262,1
1,63591931240.8493,0.009436748,0.01484143,1
1,63591931240.8686,-0.004579776,-0.005557847,1
1,63591931240.8893,-0.02496745,0.009741613,1
1,63591931240.9087,-0.002031317,-0.01575749,1
1,63591931240.9287,-0.002031317,0.004641793,1
1,63591931240.9499,0.01963058,0.0008169278,1
1,63591931240.9688,-0.01349938,0.0008169278,1
1,63591931240.9887,0.006888289,0.003366838,1
1,63591931241.0105,-0.0185963,-0.01320758,1
1,63591931241.0286,-0.007128234,0.0186663,1
1,63591931241.0494,0.00433983,-0.006832802,1
1,63591931241.0691,-0.008402464,-0.009382712,1
1,63591931241.0888,0.01963058,-0.003007937,1
1,63591931241.1094,-0.009676693,-0.01703244,1
1,63591931241.1285,0.006888289,-0.004282892,1
1,63591931241.1508,0.006888289,-0.01575749,1
1,63591931241.1701,-0.004579776,0.01101657,1
1,63591931241.1893,0.009436748,-0.01065767,1
1,63591931241.209,-0.003305546,-0.01193262,1
1,63591931241.2294,-0.0185963,-0.008107757,1
1,63591931241.2502,-0.002031317,-0.005557847,1
1,63591931241.2687,-0.004579776,-0.01193262,1
1,63591931241.2886,-0.005854005,-0.008107757,1
1,63591931241.3096,-0.007128234,0.0008169278,1
1,63591931241.3293,-0.008402464,-0.006832802,1
1,63591931241.3506,-0.002031317,0.009741613,1
1,63591931241.3693,0.0005171423,-0.01958235,1
1,63591931241.3914,0.0005171423,0.005916748,1
1,63591931241.4099,0.01198521,-0.004282892,1
1,63591931241.4282,-0.01477361,0.009741613,1
1,63591931241.4494,-0.005854005,-0.005557847,1
1,63591931241.4683,-0.007128234,-0.004282892,1
1,63591931241.4882,0.001791372,0.0008169278,1
1,63591931241.5083,-0.003305546,0.01356648,1
1,63591931241.5282,0.00433983,-0.004282892,1
1,63591931241.5491,0.01071098,-0.005557847,1
1,63591931241.569,0.0005171423,0.003366838,1
1,63591931241.5883,0.003065601,0.01101657,1
1,63591931241.6086,0.00433983,-0.01065767,1
1,63591931241.6282,-0.01222515,0.0008169278,1
1,63591931241.6484,0.01453367,-0.004282892,1
1,63591931241.6687,-0.01477361,-0.009382712,1
1,63591931241.6883,-0.01604784,-0.01575749,1
1,63591931241.7091,-0.0185963,0.004641793,1
1,63591931241.7281,0.00433983,-0.01065767,1
1,63591931241.7492,-0.0007570871,-0.003007937,1
1,63591931241.7685,-0.005854005,-0.01958235,1
1,63591931241.7888,-0.007128234,-0.0004580271,1
1,63591931241.8102,-0.005854005,0.009741613,1
1,63591931241.8283,-0.005854005,0.002091883,1
1,63591931241.8484,0.00561406,0.003366838,1
1,63591931241.8699,0.01453367,-0.0004580271,1
1,63591931241.8886,-0.005854005,-0.003007937,1
1,63591931241.9088,0.009436748,0.008466657,1
1,63591931241.9286,0.01071098,-0.008107757,1
1,63591931241.9483,0.01071098,0.005916748,1
1,63591931241.9685,-0.005854005,0.005916748,1
1,63591931241.9883,0.00561406,-0.0004580271,1
1,63591931242.0085,0.003065601,-0.005557847,1
1,63591931242.0291,-0.002031317,0.003366838,1
1,63591931242.0485,0.01835635,-0.004282892,1
1,63591931242.07,0.01453367,-0.01575749,1
1,63591931242.0905,-0.008402464,0.008466657,1
1,63591931242.1087,-0.007128234,-0.01065767,1
1,63591931242.1284,-0.002031317,-0.005557847,1
1,63591931242.1486,-0.009676693,0.01739134,1
1,63591931242.1693,0.00433983,-0.01320758,1
1,63591931242.1886,-0.01349938,-0.004282892,1
1,63591931242.21,0.001791372,-0.009382712,1
1,63591931242.2306,-0.02114476,0.005916748,1
1,63591931242.2503,-0.009676693,-0.01065767,1
1,63591931242.2689,-0.009676693,-0.0004580271,1
1,63591931242.2889,0.01198521,-0.01065767,1
1,63591931242.309,-0.008402464,0.008466657,1
1,63591931242.3294,0.00561406,-0.001732982,1
1,63591931242.3486,-0.0007570871,-0.01958235,1
1,63591931242.3699,0.00433983,0.02121621,1
1,63591931242.3891,0.008162519,-0.009382712,1
1,63591931242.4104,-0.008402464,0.01229152,1
1,63591931242.4291,0.008162519,0.002091883,1
1,63591931242.4493,0.006888289,-0.01575749,1
1,63591931242.4705,-0.007128234,0.007191703,1
1,63591931242.49,-0.01095092,-0.006832802,1
1,63591931242.5103,-0.005854005,0.01484143,1
1,63591931242.5309,0.00433983,-0.01703244,1
1,63591931242.5489,0.006888289,-0.004282892,1
1,63591931242.5729,-0.004579776,0.004641793,1
1,63591931242.5905,-0.01477361,0.008466657,1
1,63591931242.6089,-0.008402464,-0.004282892,1
1,63591931242.6293,-0.005854005,-0.005557847,1
1,63591931242.6482,-0.002031317,-0.001732982,1
1,63591931242.6696,-0.002031317,-0.009382712,1
1,63591931242.6905,-0.007128234,-0.004282892,1
1,63591931242.7094,-0.004579776,-0.01193262,1
1,63591931242.7289,-0.01732207,-0.009382712,1
1,63591931242.7487,0.01198521,-0.009382712,1
1,63591931242.7701,0.003065601,-0.009382712,1
1,63591931242.7891,0.0005171423,-0.008107757,1
1,63591931242.8093,-0.008402464,-0.01065767,1
1,63591931242.8293,0.003065601,0.008466657,1
1,63591931242.8481,0.001791372,-0.0183074,1
1,63591931242.8687,-0.0007570871,0.007191703,1
1,63591931242.8892,-0.0007570871,-0.009382712,1
1,63591931242.9081,-0.01604784,0.005916748,1
1,63591931242.9294,0.003065601,0.007191703,1
1,63591931242.9483,-0.004579776,-0.009382712,1
1,63591931242.9688,-0.005854005,0.002091883,1
1,63591931242.9883,-0.002031317,-0.008107757,1
1,63591931243.0084,0.01198521,0.002091883,1
1,63591931243.0301,-0.01477361,-0.008107757,1
1,63591931243.0489,-0.01732207,-0.006832802,1
1,63591931243.0689,-0.01349938,-0.02213226,1
1,63591931243.0897,-0.01477361,-0.009382712,1
1,63591931243.1087,-0.002031317,-0.01065767,1
1,63591931243.1285,-0.01604784,0.0008169278,1
1,63591931243.1494,-0.002031317,-0.006832802,1
1,63591931243.1694,-0.002031317,-0.003007937,1
1,63591931243.1897,-0.009676693,-0.01320758,1
1,63591931243.2083,0.00561406,-0.006832802,1
1,63591931243.2292,-0.002031317,0.004641793,1
1,63591931243.2488,-0.01349938,-0.004282892,1
1,63591931243.2684,-0.005854005,0.0008169278,1
1,63591931243.2888,0.003065601,-0.008107757,1
1,63591931243.309,-0.003305546,-0.009382712,1
1,63591931243.33,0.0005171423,-0.0004580271,1
1,63591931243.349,-0.002031317,-0.01065767,1
1,63591931243.3686,-0.002031317,-0.005557847,1
1,63591931243.3894,0.001791372,0.01356648,1
1,63591931243.4087,0.003065601,-0.001732982,1
1,63591931243.4297,-0.01477361,0.01356648,1
1,63591931243.4491,-0.003305546,0.009741613,1
1,63591931243.4685,0.003065601,0.005916748,1
1,63591931243.4895,0.01198521,0.0008169278,1
1,63591931243.5088,-0.004579776,-0.01575749,1
1,63591931243.5288,-0.008402464,-0.003007937,1
1,63591931243.5491,0.001791372,-0.01448253,1
1,63591931243.5685,0.003065601,0.009741613,1
1,63591931243.5894,-0.01222515,0.01484143,1
1,63591931243.6089,-0.005854005,-0.02595713,1
1,63591931243.6288,0.003065601,-0.0004580271,1
1,63591931243.6494,-0.0185963,-0.006832802,1
1,63591931243.6686,0.01325944,-0.005557847,1
1,63591931243.69,-0.01222515,-0.006832802,1
1,63591931243.7088,-0.007128234,0.01229152,1
1,63591931243.7292,-0.0007570871,-0.009382712,1
1,63591931243.751,-0.01349938,0.005916748,1
1,63591931243.7693,0.008162519,0.0186663,1
1,63591931243.7882,-0.007128234,-0.01193262,1
1,63591931243.8087,0.01580789,0.01229152,1
1,63591931243.8283,-0.01222515,-0.003007937,1
1,63591931243.8493,0.00433983,0.003366838,1
1,63591931243.868,0.00561406,-0.01320758,1
1,63591931243.8882,0.0005171423,-0.001732982,1
1,63591931243.9091,-0.009676693,-0.006832802,1
1,63591931243.9285,0.01198521,-0.01320758,1
1,63591931243.9502,0.01325944,0.009741613,1
1,63591931243.9683,0.003065601,0.002091883,1
1,63591931243.9896,0.00433983,0.0008169278,1
1,63591931244.0082,0.01071098,-0.005557847,1
1,63591931244.0281,-0.007128234,0.005916748,1
1,63591931244.0487,0.001791372,-0.01320758,1
1,63591931244.069,-0.004579776,0.008466657,1
1,63591931244.0894,0.00433983,-0.005557847,1
1,63591931244.1091,-0.0185963,-0.01320758,1
1,63591931244.1284,0.006888289,0.004641793,1
1,63591931244.1489,-0.01222515,-0.01193262,1
1,63591931244.1693,0.001791372,0.01356648,1
1,63591931244.1889,-0.01349938,-0.008107757,1
1,63591931244.2089,-0.01222515,0.01611639,1
1,63591931244.2303,0.01198521,-0.006832802,1
1,63591931244.2499,0.003065601,0.0008169278,1
1,63591931244.2683,0.01198521,-0.01193262,1
1,63591931244.2888,-0.002031317,-0.0004580271,1
1,63591931244.3083,0.02090481,0.005916748,1
1,63591931244.3293,-0.009676693,0.003366838,1
1,63591931244.3494,0.008162519,0.002091883,1
1,63591931244.3686,-0.002031317,-0.004282892,1
1,63591931244.3898,0.0005171423,0.008466657,1
1,63591931244.4086,-0.007128234,-0.01065767,1
1,63591931244.4286,-0.01477361,0.01739134,1
1,63591931244.4497,-0.002031317,-0.008107757,1
1,63591931244.4688,0.003065601,0.007191703,1
1,63591931244.489,0.01325944,0.0008169278,1
1,63591931244.5092,0.00433983,0.004641793,1
1,63591931244.5287,0.008162519,-0.005557847,1
1,63591931244.5491,-0.01732207,0.0008169278,1
1,63591931244.5688,0.01198521,-0.004282892,1
1,63591931244.5887,0.006888289,-0.01448253,1
1,63591931244.6086,-0.002031317,0.004641793,1
1,63591931244.6288,0.0005171423,0.004641793,1
1,63591931244.65,-0.01222515,0.003366838,1
1,63591931244.6691,0.00433983,0.01101657,1
1,63591931244.689,-0.002031317,-0.0004580271,1
1,63591931244.7111,0.01071098,-0.009382712,1
1,63591931244.7289,-0.007128234,-0.003007937,1
1,63591931244.7495,-0.003305546,-0.009382712,1
1,63591931244.7691,0.01198521,0.01101657,1
1,63591931244.789,-0.004579776,-0.003007937,1
1,63591931244.81,0.00433983,-0.008107757,1
1,63591931244.8291,0.01453367,0.003366838,1
1,63591931244.8497,0.0005171423,-0.008107757,1
1,63591931244.8702,0.008162519,0.01356648,1
1,63591931244.8888,0.003065601,-0.005557847,1
1,63591931244.9099,0.006888289,0.003366838,1
1,63591931244.931,-0.003305546,0.002091883,1
1,63591931244.9492,0.00561406,-0.003007937,1
1,63591931244.9693,-0.005854005,0.002091883,1
1,63591931244.9887,-0.01477361,-0.01320758,1
1,63591931245.0098,-0.01477361,0.0008169278,1
1,63591931245.0283,-0.007128234,-0.01575749,1
1,63591931245.0484,-0.004579776,-0.001732982,1
1,63591931245.0683,-0.01349938,-0.01958235,1
1,63591931245.0884,0.006888289,-0.01958235,1
1,63591931245.1092,-0.004579776,-0.01065767,1
1,63591931245.1288,0.003065601,-0.01448253,1
1,63591931245.1483,0.01325944,0.01101657,1
1,63591931245.1681,0.009436748,-0.01575749,1
1,63591931245.1883,0.01325944,-0.009382712,1
1,63591931245.2095,0.01453367,-0.006832802,1
1,63591931245.2296,0.0005171423,0.01101657,1
1,63591931245.2484,0.00433983,0.0008169278,1
1,63591931245.27,0.008162519,0.005916748,1
1,63591931245.2884,0.003065601,0.002091883,1
1,63591931245.3099,0.006888289,-0.01065767,1
1,63591931245.3286,0.00561406,-0.001732982,1
1,63591931245.3483,0.008162519,-0.003007937,1
1,63591931245.3693,0.0005171423,0.005916748,1
1,63591931245.3882,0.003065601,-0.0004580271,1
1,63591931245.4103,0.0005171423,0.002091883,1
1,63591931245.4286,0.01198521,0.004641793,1
1,63591931245.4481,-0.005854005,-0.009382712,1
