1,16:04:29.843,0.8446572,0.7303343,1,0
1,16:04:29.863,0.6757258,0.4108131,1,0
1,16:04:29.883,0.7601914,0.5933967,1,0
1,16:04:29.903,0.5067943,0.1825836,1,0
1,16:04:29.923,0.4223286,0.4108131,1,0
1,16:04:29.943,0.4645614,0.5933967,1,0
1,16:04:29.963,0.2533971,0.2282295,1,0
1,16:04:29.983,0.4223286,0.6846884,1,0
1,16:04:30.003,0.59126,0.7759802,1,0
1,16:04:30.023,0.8446572,0.6390426,1,0
1,16:04:30.043,0.8446572,0.5933967,1,0
1,16:04:30.063,0.6757258,0.6390426,1,0
1,16:04:30.083,0.5490271,0.1369377,1,0
1,16:04:30.103,0.7179586,0.9129179,1,0
1,16:04:30.123,0.5067943,0.4108131,1,0
1,16:04:30.143,0.5490271,0.9129179,1,0
1,16:04:30.163,0.3800957,0.456459,1,0
1,16:04:30.183,0.4223286,0.3651672,1,0
1,16:04:30.203,0.7179586,0.7303343,1,0
1,16:04:30.223,0.4645614,0.5021049,1,0
1,16:04:30.243,0.59126,0.3651672,1,0
1,16:04:30.263,0.5490271,0.6390426,1,0
1,16:04:30.283,0.5067943,0.5477508,1,0
1,16:04:30.303,0.6334929,0.7303343,1,1
1,16:04:30.323,0.4645614,0.9129179,1,1
1,16:04:30.343,0.5067943,0.5021049,1,1
1,16:04:30.363,0.8024243,0.5477508,1,1
1,16:04:30.383,0.9291229,0.6390426,1,1
1,16:04:30.403,0.5490271,0.456459,1,1
1,16:04:30.423,0.59126,0.4108131,1,1
1,16:04:30.443,0.8446572,0.5933967,1,1
1,16:04:30.463,0.4645614,0.1369377,1,1
1,16:04:30.483,0.5067943,0.456459,1,1
1,16:04:30.503,0.8024243,0.5477508,1,1
1,16:04:30.523,0.8024243,0.4108131,1,1
1,16:04:30.543,0.2111643,0.2282295,1,1
1,16:04:30.563,0.59126,0.7759802,1,1
1,16:04:30.583,0.3800957,0.3195213,1,1
1,16:04:30.603,0.5067943,0.5021049,1,1
1,16:04:30.623,0.7601914,0.6390426,1,1
1,16:04:30.643,0.6757258,0.5021049,1,1
1,16:04:30.663,0.6757258,0.9585638,1,1
1,16:04:30.683,0.4645614,0.9129179,1,1
1,16:04:30.703,0.5067943,0.7759802,1,1
1,16:04:30.723,0.8024243,0.3651672,1,1
1,16:04:30.743,0.5067943,0.6846884,1,1
1,16:04:30.763,0.29563,0.6390426,1,1
1,16:04:30.783,0.6334929,0.4108131,1,1
1,16:04:30.803,0.1689314,0.3651672,1,1
1,16:04:30.823,0.1689314,0.4108131,1,1
1,16:04:30.843,0.59126,0.9585638,1,1
1,16:04:30.863,0.4223286,0.9129179,1,1
1,16:04:30.883,0.7601914,0.7759802,1,1
1,16:04:30.903,0.7179586,0.6846884,1,1
1,16:04:30.923,0.5067943,0.5933967,1,1
1,16:04:30.943,0.59126,0.7303343,1,1
1,16:04:30.963,0.6334929,0.3651672,1,1
1,16:04:30.983,0.5490271,0.5477508,1,1
1,16:04:31.003,0.7179586,0.7759802,1,1
1,16:04:31.023,0.59126,0.5021049,1,1
1,16:04:31.043,0.29563,0.5477508,1,1
1,16:04:31.063,0.3378629,0.5933967,1,1
1,16:04:31.083,0.8024243,0.5933967,1,1
1,16:04:31.103,0.4223286,0.4108131,1,1
1,16:04:31.123,0.6334929,0.6846884,1,1
1,16:04:31.143,0.4645614,0.5933967,1,1
1,16:04:31.163,0.3800957,0.3195213,1,1
1,16:04:31.183,0.6757258,0.3651672,1,1
1,16:04:31.203,0.5067943,0.456459,1,1
1,16:04:31.223,0.6334929,0.5477508,1,1
1,16:04:31.243,0.5490271,0.5933967,1,1
1,16:04:31.263,0.9291229,0.7759802,1,1
1,16:04:31.283,0.3800957,0.5021049,1,1
1,16:04:31.303,0.4645614,0.456459,1,1
1,16:04:31.323,0.4223286,0.2282295,1,1
1,16:04:31.343,0.4645614,0.5021049,1,1
1,16:04:31.363,1.013589,0.5933967,1,1
1,16:04:31.383,0.6334929,0.3195213,1,1
1,16:04:31.403,0.3378629,0.5021049,1,1
1,16:04:31.423,0.6757258,0.5021049,1,1
1,16:04:31.443,0.6334929,0.3651672,1,1
1,16:04:31.463,0.5067943,0.9585638,1,1
1,16:04:31.483,0.2111643,0.5021049,1,1
1,16:04:31.503,0.2533971,0.4108131,1,1
1,16:04:31.523,0.5067943,1.00421,1,1
1,16:04:31.543,0.5490271,0.867272,1,1
1,16:04:31.563,0.8446572,0.867272,1,1
1,16:04:31.583,0.7601914,0.6846884,1,1
1,16:04:31.603,0.6757258,0.6846884,1,1
1,16:04:31.623,0.8024243,0.7303343,1,1
1,16:04:31.643,0.6334929,0.3195213,1,1
1,16:04:31.663,0.59126,0.5021049,1,1
1,16:04:31.683,0.4645614,0.2738754,1,1
1,16:04:31.703,0.7179586,0.456459,1,1
1,16:04:31.723,0.5067943,0.2282295,1,1
1,16:04:31.743,0.6757258,0.1369377,1,1
1,16:04:31.763,0.6334929,0.456459,1,1
1,16:04:31.783,0.4645614,0.4108131,1,1
1,16:04:31.803,0.5067943,0.7759802,1,1
1,16:04:31.823,0.4223286,0.7303343,1,1
1,16:04:31.843,0.5490271,0.6390426,1,1
1,16:04:31.863,0.6757258,0.7303343,1,1
1,16:04:31.883,0.6757258,0.6390426,1,1
1,16:04:31.903,0.6757258,1.00421,1,1
1,16:04:31.923,0.3378629,0.7303343,1,1
1,16:04:31.943,0.8446572,0.7759802,1,1
1,16:04:31.963,0.9713557,0.7759802,1,1
1,16:04:31.983,0.59126,0.5933967,1,1
1,16:04:32.003,0.4645614,0.4108131,1,1
1,16:04:32.023,0.3378629,0.5933967,1,1
1,16:04:32.043,0.9291229,0.5477508,1,1
1,16:04:32.063,0.6757258,0.2282295,1,1
1,16:04:32.083,0.59126,0.8216261,1,1
1,16:04:32.103,0.4645614,0.5021049,1,1
1,16:04:32.123,0.6334929,0.456459,1,1
1,16:04:32.143,0.5067943,0.456459,1,1
1,16:04:32.163,0.9713557,0.5933967,1,1
1,16:04:32.183,0.4645614,0.7759802,1,1
1,16:04:32.203,0.59126,0.4108131,1,1
1,16:04:32.223,0.5490271,0.3651672,1,1
1,16:04:32.243,0.6757258,0.7303343,1,1
1,16:04:32.263,0.3800957,0.4108131,1,1
1,16:04:32.283,0.4645614,0.7303343,1,1
1,16:04:32.303,0.4645614,0.5021049,1,1
1,16:04:32.323,0.6334929,0.2282295,1,1
1,16:04:32.343,0.6757258,0.4108131,1,1
1,16:04:32.363,0.29563,0.3651672,1,1
1,16:04:32.383,0.7179586,0.867272,1,1
1,16:04:32.403,0.6334929,0.5933967,1,1
1,16:04:32.423,0.5490271,0.2282295,1,1
1,16:04:32.443,0.5067943,0.7303343,1,1
1,16:04:32.463,0.4645614,0.5021049,1,1
1,16:04:32.483,0.6334929,0.5477508,1,1
1,16:04:32.503,0.5490271,0.5021049,1,1
1,16:04:32.523,0.7601914,0.7303343,1,1
1,16:04:32.542,0.3800957,0.6390426,1,1
1,16:04:32.562,0.59126,0.7303343,1,1
1,16:04:32.583,0.59126,0.5477508,1,1
1,16:04:32.603,0.6334929,0.4108131,1,1
1,16:04:32.622,0.7601914,0.3195213,1,1
1,16:04:32.643,0.6334929,0.5933967,1,1
1,16:04:32.663,0.3378629,0.456459,1,1
1,16:04:32.683,0.2533971,0.5933967,1,1
1,16:04:32.703,0.5067943,0.1825836,1,1
1,16:04:32.723,0.3378629,0.5477508,1,1
1,16:04:32.743,0.59126,0.4108131,1,1
1,16:04:32.763,0.8024243,0.6390426,1,1
1,16:04:32.783,0.4223286,0.5477508,1,1
1,16:04:32.802,0.4223286,0.7303343,1,1
1,16:04:32.823,0.59126,0.3651672,1,1
1,16:04:32.842,0.7179586,0.7303343,1,1
1,16:04:32.863,0.4645614,0.9129179,1,1
1,16:04:32.883,0.5067943,0.456459,1,1
1,16:04:32.902,0.3378629,0.1369377,1,1
1,16:04:32.922,0.6757258,0.5477508,1,1
1,16:04:32.943,0.59126,1.049856,1,1
1,16:04:32.962,0.6334929,0.7303343,1,1
1,16:04:32.983,0.5067943,0.6390426,1,1
1,16:04:33.003,0.6757258,0.6390426,1,1
1,16:04:33.022,0.8024243,0.7303343,1,1
1,16:04:33.042,0.8024243,0.7759802,1,1
1,16:04:33.063,0.5490271,0.2282295,1,1
1,16:04:33.083,0.6757258,0.6846884,1,1
1,16:04:33.102,0.6757258,0.5933967,1,1
1,16:04:33.123,0.5490271,0.5021049,1,1
1,16:04:33.142,0.4223286,0.2282295,1,1
1,16:04:33.163,0.2533971,0.5477508,1,1
1,16:04:33.183,0.9291229,0.456459,1,1
1,16:04:33.202,0.6757258,0.5933967,1,1
1,16:04:33.223,0.5067943,0.7759802,1,1
1,16:04:33.243,0.6757258,0.7303343,1,1
1,16:04:33.263,0.3800957,0.5933967,1,1
1,16:04:33.283,0.5490271,0.5477508,1,1
1,16:04:33.303,0.3800957,0.5477508,1,1
1,16:04:33.323,0.29563,0.5021049,1,1
1,16:04:33.342,0.7179586,0.5477508,1,1
1,16:04:33.363,0.8446572,0.5021049,1,1
1,16:04:33.383,0.59126,0.6390426,1,1
1,16:04:33.402,0.3800957,0.2282295,1,1
1,16:04:33.423,0.4645614,0.7303343,1,1
1,16:04:33.442,0.7179586,0.7303343,1,1
1,16:04:33.463,0.8024243,0.7303343,1,1
1,16:04:33.482,0.59126,0.4108131,1,1
1,16:04:33.502,0.29563,0.5477508,1,1
1,16:04:33.522,0.6757258,0.6846884,1,1
1,16:04:33.542,0.6757258,0.2738754,1,1
1,16:04:33.562,0.5067943,0.5477508,1,1
1,16:04:33.582,0.3800957,0.5021049,1,1
1,16:04:33.602,0.3378629,0.6390426,1,1
1,16:04:33.623,0.59126,0.6390426,1,1
1,16:04:33.642,0.59126,0.3651672,1,1
1,16:04:33.663,0.88689,0.4108131,1,1
1,16:04:33.683,0.5067943,0.1825836,1,1
1,16:04:33.702,0.6757258,0.7759802,1,1
1,16:04:33.722,0.8446572,0.5933967,1,1
1,16:04:33.742,0.8446572,0.8216261,1,1
1,16:04:33.762,0.6334929,0.867272,1,1
1,16:04:33.782,0.4223286,0.4108131,1,1
1,16:04:33.802,0.7179586,0.7303343,1,1
1,16:04:33.823,0.8024243,0.5933967,1,1
1,16:04:33.842,0.5490271,0.5933967,1,1
1,16:04:37.862,0.7601914,0.5933967,2,0
1,16:04:37.883,0.4645614,0.9129179,2,0
1,16:04:37.902,0.5490271,0.5021049,2,0
1,16:04:37.922,0.9291229,0.5933967,2,0
1,16:04:37.942,0.6757258,0.6846884,2,0
1,16:04:37.962,0.8446572,0.6390426,2,0
1,16:04:37.982,0.4645614,0.3195213,2,0
1,16:04:38.002,0.5067943,0.7303343,2,0
1,16:04:38.022,0.3800957,0.3195213,2,0
1,16:04:38.042,0.7601914,0.7759802,2,0
1,16:04:38.062,0.59126,0.8216261,2,0
1,16:04:38.082,0.6334929,0.4108131,2,0
1,16:04:38.102,0.7179586,0.5933967,2,0
1,16:04:38.122,0.5490271,0.7759802,2,0
1,16:04:38.142,0.5067943,0.5021049,2,0
1,16:04:38.162,0.4223286,0.5933967,2,0
1,16:04:38.182,0.59126,0.7759802,2,0
1,16:04:38.202,0.6334929,0.456459,2,0
1,16:04:38.222,0.5490271,0.456459,2,0
1,16:04:38.242,0.4223286,0.5933967,2,0
1,16:04:38.262,0.6334929,0.867272,2,0
1,16:04:38.282,0.29563,0.4108131,2,0
1,16:04:38.302,0.3800957,0.5021049,2,0
1,16:04:38.322,0.6757258,0.8216261,2,0
1,16:04:38.342,0.4223286,0.5477508,2,0
1,16:04:38.362,0.3378629,0.6846884,2,1
1,16:04:38.382,0.8446572,0.6390426,2,1
1,16:04:38.402,0.5067943,0.6390426,2,1
1,16:04:38.422,0.6334929,0.867272,2,1
1,16:04:38.442,0.8024243,0.5477508,2,1
1,16:04:38.462,0.6757258,0.4108131,2,1
1,16:04:38.482,0.2111643,0.867272,2,1
1,16:04:38.502,0.8024243,0.5021049,2,1
1,16:04:38.522,0.3378629,0.867272,2,1
1,16:04:38.542,0.4223286,0.2738754,2,1
1,16:04:38.562,0.9291229,0.5477508,2,1
1,16:04:38.582,0.6757258,0.5933967,2,1
1,16:04:38.602,0.5490271,0.5933967,2,1
1,16:04:38.622,0.5067943,0.456459,2,1
1,16:04:38.642,0.4645614,0.5021049,2,1
1,16:04:38.662,0.3800957,0.2738754,2,1
1,16:04:38.682,0.6757258,0.5021049,2,1
1,16:04:38.702,0.6334929,0.5477508,2,1
1,16:04:38.722,0.8446572,0.9585638,2,1
1,16:04:38.742,0.5067943,0.7303343,2,1
1,16:04:38.762,0.9713557,0.5021049,2,1
1,16:04:38.782,0.3378629,0.5021049,2,1
1,16:04:38.802,0.29563,0.4108131,2,1
1,16:04:38.822,1.013589,0.7303343,2,1
1,16:04:38.842,0.7179586,0.6390426,2,1
1,16:04:38.862,0.29563,0.456459,2,1
1,16:04:38.882,0.59126,0.5021049,2,1
1,16:04:38.902,0.9713557,0.456459,2,1
1,16:04:38.922,0.8024243,0.5477508,2,1
1,16:04:38.942,0.3800957,0.3651672,2,1
1,16:04:38.962,0.29563,0.6846884,2,1
1,16:04:38.982,0.59126,0.5933967,2,1
1,16:04:39.002,0.4645614,0.456459,2,1
1,16:04:39.022,0.59126,0.5021049,2,1
1,16:04:39.042,0.29563,0.5021049,2,1
1,16:04:39.062,0.29563,0.7759802,2,1
1,16:04:39.082,0.88689,0.5477508,2,1
1,16:04:39.102,0.4223286,0.4108131,2,1
1,16:04:39.122,0.59126,0.8216261,2,1
1,16:04:39.142,0.3378629,0.867272,2,1
1,16:04:39.162,0.7601914,0.867272,2,1
1,16:04:39.182,0.7601914,0.5021049,2,1
1,16:04:39.202,0.7601914,0.5021049,2,1
1,16:04:39.222,0.5490271,0.3195213,2,1
1,16:04:39.242,0.5490271,0.3651672,2,1
1,16:04:39.262,0.6757258,0.456459,2,1
1,16:04:39.282,0.9291229,0.7303343,2,1
1,16:04:39.302,0.5067943,0.5021049,2,1
1,16:04:39.322,0.6757258,0.5933967,2,1
1,16:04:39.342,0.6757258,0.6846884,2,1
1,16:04:39.362,0.7179586,0.456459,2,1
1,16:04:39.382,0.5067943,0.5933967,2,1
1,16:04:39.402,0.5067943,0.456459,2,1
1,16:04:39.422,0.4223286,0.5933967,2,1
1,16:04:39.442,0.5067943,0.5021049,2,1
1,16:04:39.462,0.5067943,0.456459,2,1
1,16:04:39.482,0.7601914,0.7759802,2,1
1,16:04:39.502,0.7601914,0.7759802,2,1
1,16:04:39.522,0.8024243,0.4108131,2,1
1,16:04:39.542,0.5067943,0.3651672,2,1
1,16:04:39.562,0.6334929,0.5477508,2,1
1,16:04:39.582,0.7179586,0.7303343,2,1
1,16:04:39.602,0.3378629,0.7303343,2,1
1,16:04:39.622,0.5067943,0.3195213,2,1
1,16:04:39.642,0.59126,0.456459,2,1
1,16:04:39.662,0.4645614,0.3651672,2,1
1,16:04:39.682,0.8024243,0.3195213,2,1
1,16:04:39.702,0.3800957,0.3651672,2,1
1,16:04:39.722,0.8024243,0.8216261,2,1
1,16:04:39.742,0.3800957,0.2282295,2,1
1,16:04:39.762,0.8446572,0.9129179,2,1
1,16:04:39.782,0.2533971,0.5477508,2,1
1,16:04:39.802,0.5067943,0.3651672,2,1
1,16:04:39.822,0.6757258,0.6846884,2,1
1,16:04:39.842,0.59126,0.7303343,2,1
1,16:04:39.862,0.4645614,0.5933967,2,1
1,16:04:39.882,0.6757258,0.3195213,2,1
1,16:04:39.902,0.7601914,0.7303343,2,1
1,16:04:39.922,0.2533971,0.7759802,2,1
1,16:04:39.942,0.7601914,0.5933967,2,1
1,16:04:39.962,0.8446572,0.5021049,2,1
1,16:04:39.982,1.013589,0.7759802,2,1
1,16:04:40.002,0.6334929,0.5933967,2,1
1,16:04:40.022,0.3800957,0.5021049,2,1
1,16:04:40.042,0.4645614,0.6390426,2,1
1,16:04:40.062,0.5490271,0.3651672,2,1
1,16:04:40.082,0.3378629,0.5933967,2,1
1,16:04:40.102,0.3378629,0.7759802,2,1
1,16:04:40.122,0.2533971,0.3195213,2,1
1,16:04:40.142,0.8446572,0.5933967,2,1
1,16:04:40.162,0.5490271,0.7759802,2,1
1,16:04:40.182,0.5067943,0.8216261,2,1
1,16:04:40.202,0.3800957,0.7303343,2,1
1,16:04:40.222,0.7179586,0.5021049,2,1
1,16:04:40.242,0.6757258,0.9585638,2,1
1,16:04:40.262,0.5067943,0.5021049,2,1
1,16:04:40.282,0.8024243,0.7759802,2,1
1,16:04:40.302,0.5067943,0.5933967,2,1
1,16:04:40.322,0.8446572,0.456459,2,1
1,16:04:40.342,0.4223286,0.5477508,2,1
1,16:04:40.362,0.6757258,0.3195213,2,1
1,16:04:40.382,0.6757258,0.5477508,2,1
1,16:04:40.402,0.9291229,0.7759802,2,1
1,16:04:40.422,0.59126,0.5477508,2,1
1,16:04:40.442,0.88689,0.5933967,2,1
1,16:04:40.462,0.59126,0.5933967,2,1
1,16:04:40.482,0.6757258,1.095502,2,1
1,16:04:40.502,0.88689,0.6390426,2,1
1,16:04:40.522,0.8024243,0.6846884,2,1
1,16:04:40.542,0.3378629,0.3651672,2,1
1,16:04:40.562,0.6334929,0.2282295,2,1
1,16:04:40.582,0.8024243,0.9129179,2,1
1,16:04:40.602,0.59126,0.5021049,2,1
1,16:04:40.622,0.8024243,0.456459,2,1
1,16:04:40.642,0.59126,0.9129179,2,1
1,16:04:40.662,0.5067943,0.456459,2,1
1,16:04:40.682,0.6757258,0.456459,2,1
1,16:04:40.702,0.7601914,0.5933967,2,1
1,16:04:40.722,0.7601914,0.5933967,2,1
1,16:04:40.742,0.3378629,0.7303343,2,1
1,16:04:40.762,0.6757258,0.5933967,2,1
1,16:04:40.782,0.5067943,0.5477508,2,1
1,16:04:40.802,0.3800957,0.3651672,2,1
1,16:04:40.822,0.8024243,0.7303343,2,1
1,16:04:40.842,0.7179586,0.4108131,2,1
1,16:04:40.862,0.5490271,0.6390426,2,1
1,16:04:40.882,0.59126,0.456459,2,1
1,16:04:40.902,0.59126,0.7303343,2,1
1,16:04:40.922,0.9291229,0.6390426,2,1
1,16:04:40.942,0.59126,1.049856,2,1
1,16:04:40.962,0.6757258,0.8216261,2,1
1,16:04:40.982,0.7601914,0.5933967,2,1
1,16:04:41.002,0.7179586,0.7759802,2,1
1,16:04:41.022,0.6334929,0.5021049,2,1
1,16:04:41.042,0.5067943,0.3195213,2,1
1,16:04:41.062,0.7179586,0.456459,2,1
1,16:04:41.082,0.7179586,0.3195213,2,1
1,16:04:41.102,0.4645614,0.9585638,2,1
1,16:04:41.122,0.7179586,0.8216261,2,1
1,16:04:41.142,0.7179586,0.7303343,2,1
1,16:04:41.162,0.6334929,0.7759802,2,1
1,16:04:41.182,0.8446572,0.4108131,2,1
1,16:04:41.202,0.5067943,0.2282295,2,1
1,16:04:41.222,0.8446572,0.6846884,2,1
1,16:04:41.242,0.6757258,0.867272,2,1
1,16:04:41.262,0.5067943,0.4108131,2,1
1,16:04:41.282,0.3378629,0.6390426,2,1
1,16:04:41.302,0.8446572,0.6390426,2,1
1,16:04:41.322,0.8446572,0.5933967,2,1
1,16:04:41.342,0.5067943,0.3651672,2,1
1,16:04:41.362,0.7179586,0.5933967,2,1
1,16:04:41.382,0.8024243,0.867272,2,1
1,16:04:41.402,0.6757258,0.5021049,2,1
1,16:04:41.422,0.6757258,0.5933967,2,1
1,16:04:41.442,0.4223286,0.5933967,2,1
1,16:04:41.462,0.6757258,0.8216261,2,1
1,16:04:41.482,0.4645614,0.6846884,2,1
1,16:04:41.502,0.8024243,0.7303343,2,1
1,16:04:41.522,0.6757258,0.6390426,2,1
1,16:04:41.542,0.6757258,0.9129179,2,1
1,16:04:41.562,0.9713557,0.7303343,2,1
1,16:04:41.582,0.4645614,0.5021049,2,1
1,16:04:41.602,0.8024243,0.4108131,2,1
1,16:04:41.622,0.5067943,0.3651672,2,1
1,16:04:41.642,0.2533971,0.4108131,2,1
1,16:04:41.662,0.8446572,0.8216261,2,1
1,16:04:41.682,0.7179586,0.5477508,2,1
1,16:04:41.702,0.6334929,0.9585638,2,1
1,16:04:41.722,0.6334929,1.141147,2,1
1,16:04:41.742,0.5067943,0.2738754,2,1
1,16:04:41.762,0.4645614,0.1825836,2,1
1,16:04:41.782,0.7179586,0.3651672,2,1
1,16:04:41.802,0.6334929,0.3651672,2,1
1,16:04:41.822,0.9713557,0.8216261,2,1
1,16:04:41.842,0.5067943,0.3651672,2,1
2,16:04:47.042,0.8446572,0.6390426,1,0
2,16:04:47.062,0.7601914,0.3651672,1,0
2,16:04:47.082,0.3800957,0.4108131,1,0
2,16:04:47.102,0.3378629,0.7303343,1,0
2,16:04:47.122,0.8024243,0.6390426,1,0
2,16:04:47.142,0.8024243,0.5477508,1,0
2,16:04:47.162,0.7601914,0.6390426,1,0
2,16:04:47.182,0.7601914,0.3195213,1,0
2,16:04:47.202,0.7601914,0.9585638,1,0
2,16:04:47.222,0.8446572,0.456459,1,0
2,16:04:47.242,0.5067943,0.7759802,1,0
2,16:04:47.262,0.5067943,0.7759802,1,0
2,16:04:47.282,0.59126,0.867272,1,0
2,16:04:47.302,0.6334929,0.5021049,1,0
2,16:04:47.322,0.6757258,0.456459,1,0
2,16:04:47.342,0.8024243,0.5021049,1,0
2,16:04:47.362,0.3378629,0.7303343,1,0
2,16:04:47.382,0.5067943,0.7759802,1,0
2,16:04:47.402,0.2533971,0.5021049,1,0
2,16:04:47.422,0.8024243,0.7759802,1,0
2,16:04:47.442,0.7179586,0.5021049,1,0
2,16:04:47.462,0.8024243,0.5477508,1,0
2,16:04:47.482,0.3378629,0.6390426,1,0
2,16:04:47.502,0.5067943,0.2738754,1,0
2,16:04:47.522,0.6334929,0.5477508,1,0
2,16:04:47.542,0.59126,0.7303343,1,0
2,16:04:47.562,0.7601914,0.7303343,1,0
2,16:04:47.582,0.3800957,0.6390426,1,0
2,16:04:47.602,0.6757258,0.5477508,1,0
2,16:04:47.622,0.7179586,0.7759802,1,0
2,16:04:47.642,0.5067943,0.5933967,1,0
2,16:04:47.662,0.9291229,0.7303343,1,0
2,16:04:47.682,0.7179586,0.8216261,1,0
2,16:04:47.702,0.88689,0.7759802,1,0
2,16:04:47.722,0.5067943,0.456459,1,0
2,16:04:47.742,0.6334929,0.2738754,1,0
2,16:04:47.762,0.7179586,0.5933967,1,0
2,16:04:47.782,0.9713557,0.7759802,1,0
2,16:04:47.802,0.7179586,0.9585638,1,0
2,16:04:47.822,0.5067943,0.7303343,1,0
2,16:04:47.842,0.2533971,0.3195213,1,0
2,16:04:47.862,0.59126,0.2282295,1,0
2,16:04:47.882,0.7179586,0.5021049,1,0
2,16:04:47.902,0.3800957,0.3651672,1,0
2,16:04:47.922,0.7179586,0.9129179,1,0
2,16:04:47.942,0.59126,0.5021049,1,0
2,16:04:47.962,0.9713557,0.5021049,1,0
2,16:04:47.982,0.9291229,0.6846884,1,0
2,16:04:48.002,0.4645614,0.2738754,1,0
2,16:04:48.022,0.4645614,0.5021049,1,0
2,16:04:48.042,0.7179586,0.9585638,1,0
2,16:04:48.062,0.59126,0.456459,1,0
2,16:04:48.082,0.6757258,0.5933967,1,0
2,16:04:48.102,0.3378629,0.456459,1,0
2,16:04:48.122,0.5067943,0.4108131,1,0
2,16:04:48.142,0.6757258,0.6390426,1,0
2,16:04:48.162,0.3800957,0.5021049,1,0
2,16:04:48.182,0.8024243,0.6390426,1,0
2,16:04:48.202,0.8446572,0.7759802,1,0
2,16:04:48.222,0.8024243,0.8216261,1,0
2,16:04:48.242,0.7601914,0.2738754,1,0
2,16:04:48.262,0.7601914,0.4108131,1,0
2,16:04:48.282,0.5490271,0.5477508,1,0
2,16:04:48.302,0.7179586,0.8216261,1,0
2,16:04:48.322,0.3378629,0.6846884,1,0
2,16:04:48.342,0.3378629,0.456459,1,0
2,16:04:48.362,0.4645614,0.6390426,1,0
2,16:04:48.382,0.5067943,0.4108131,1,0
2,16:04:48.402,0.7179586,0.5933967,1,0
2,16:04:48.422,0.5067943,0.3195213,1,0
2,16:04:48.442,0.7179586,0.5933967,1,0
2,16:04:48.462,0.4223286,0.5477508,1,0
2,16:04:48.482,0.7179586,0.456459,1,0
2,16:04:48.502,0.88689,0.7759802,1,0
2,16:04:48.522,0.6757258,0.2738754,1,0
2,16:04:48.542,0.5067943,0.6390426,1,0
2,16:04:48.562,0.8024243,0.9585638,1,0
2,16:04:48.582,0.6757258,0.7759802,1,0
2,16:04:48.602,0.7601914,0.5021049,1,0
2,16:04:48.622,0.9713557,0.5933967,1,0
2,16:04:48.642,0.6757258,0.1825836,1,0
2,16:04:48.662,0.8446572,0.5021049,1,0
2,16:04:48.682,0.8024243,0.8216261,1,0
2,16:04:48.702,0.29563,0.3651672,1,0
2,16:04:48.722,0.5067943,0.3195213,1,0
2,16:04:48.742,0.6334929,0.6846884,1,0
2,16:04:48.762,0.3378629,0.7303343,1,0
2,16:04:48.782,0.5067943,0.4108131,1,0
2,16:04:48.802,0.3378629,0.2738754,1,0
2,16:04:48.822,0.8024243,0.7303343,1,0
2,16:04:48.842,0.4645614,0.5933967,1,0
2,16:04:48.862,0.5067943,0.7759802,1,0
2,16:04:48.882,0.7601914,0.8216261,1,0
2,16:04:48.902,0.4645614,0.5933967,1,0
2,16:04:48.922,0.8024243,0.0456459,1,0
2,16:04:48.942,0.59126,0.7759802,1,0
2,16:04:48.962,0.4645614,0.5933967,1,0
2,16:04:48.982,0.4645614,0.6390426,1,0
2,16:04:49.002,0.6757258,0.867272,1,0
2,16:04:49.022,0.5490271,0.6390426,1,0
2,16:04:49.042,0.3378629,0.5933967,1,0
2,16:04:49.062,0.59126,0.7303343,1,0
2,16:04:49.082,0.3800957,0.3195213,1,0
2,16:04:49.102,0.6757258,0.7303343,1,0
2,16:04:49.122,0.6334929,0.5477508,1,0
2,16:04:49.142,0.6334929,0.5021049,1,0
2,16:04:49.162,0.8024243,0.7303343,1,0
2,16:04:49.182,0.5067943,0.6390426,1,0
2,16:04:49.202,0.8446572,0.6846884,1,0
2,16:04:49.222,0.4645614,0.5021049,1,0
2,16:04:49.242,0.4645614,0.5021049,1,0
2,16:04:49.262,0.2111643,0.5021049,1,0
2,16:04:49.282,0.8024243,0.2282295,1,0
2,16:04:49.302,0.4223286,0.5933967,1,0
2,16:04:49.322,0.6334929,0.7303343,1,0
2,16:04:49.342,0.4223286,0.2282295,1,0
2,16:04:49.362,0.6757258,0.5021049,1,0
2,16:04:49.382,0.6757258,0.2738754,1,0
2,16:04:49.402,0.6757258,0.5477508,1,0
2,16:04:49.422,0.59126,0.6390426,1,0
2,16:04:49.442,0.59126,0.6390426,1,0
2,16:04:49.462,0.5067943,0.4108131,1,0
2,16:04:49.482,0.8446572,0.2282295,1,0
2,16:04:49.502,0.9291229,0.456459,1,0
2,16:04:49.522,0.5490271,0.4108131,1,0
2,16:04:49.542,0.4645614,0.4108131,1,0
2,16:04:49.562,0.7179586,0.5021049,1,0
2,16:04:49.582,0.6334929,0.2738754,1,0
2,16:04:49.602,0.4645614,0.2282295,1,0
2,16:04:49.622,0.5490271,0.5933967,1,0
2,16:04:49.642,0.6757258,0.5933967,1,0
2,16:04:49.662,0.5490271,0.456459,1,0
2,16:04:49.682,0.8024243,0.5933967,1,0
2,16:04:49.702,0.59126,0.7303343,1,0
2,16:04:49.722,0.3800957,0.5477508,1,0
2,16:04:49.742,0.3800957,0.3195213,1,0
2,16:04:49.762,0.8446572,0.5933967,1,0
2,16:04:49.782,0.4645614,0.456459,1,0
2,16:04:49.802,0.7179586,0.456459,1,0
2,16:04:49.822,0.7601914,1.00421,1,0
2,16:04:49.842,0.5067943,0.2738754,1,0
2,16:04:49.862,0.7179586,0.7303343,1,0
2,16:04:49.882,0.7601914,0.5477508,1,0
2,16:04:49.902,0.3378629,0.6390426,1,0
2,16:04:49.922,0.6757258,0.867272,1,0
2,16:04:49.942,0.4223286,0.5021049,1,0
2,16:04:49.962,0.5490271,0.9585638,1,0
2,16:04:49.982,0.7601914,0.5021049,1,0
2,16:04:50.002,0.6757258,0.5933967,1,0
2,16:04:50.022,0.88689,0.8216261,1,0
2,16:04:50.042,0.4223286,0.2282295,1,0
2,16:04:50.062,0.8446572,0.5933967,1,0
2,16:04:50.082,0.29563,0.4108131,1,0
2,16:04:50.102,0.6334929,0.7759802,1,0
2,16:04:50.122,0.88689,0.867272,1,0
2,16:04:50.142,0.6334929,0.5021049,1,0
2,16:04:50.162,0.88689,0.8216261,1,0
2,16:04:50.182,0.6757258,0.6390426,1,0
2,16:04:50.202,0.8446572,0.867272,1,0
2,16:04:50.222,0.59126,0.8216261,1,0
2,16:04:50.242,0.7601914,0.3195213,1,0
2,16:04:50.262,0.6334929,0.4108131,1,0
2,16:04:50.282,0.4645614,0.7303343,1,0
2,16:04:50.302,0.7601914,0.4108131,1,0
2,16:04:50.322,0.59126,0.4108131,1,0
2,16:04:50.342,0.5067943,0.5933967,1,0
2,16:04:50.362,0.3378629,0.5021049,1,0
2,16:04:50.382,0.5490271,1.00421,1,0
2,16:04:50.402,0.9713557,0.7303343,1,0
2,16:04:50.422,0.6757258,0.456459,1,0
2,16:04:50.442,0.2111643,0.4108131,1,0
2,16:04:50.462,0.9291229,0.7303343,1,0
2,16:04:50.482,0.8024243,0.5477508,1,0
2,16:04:50.502,0.6757258,0.5021049,1,0
2,16:04:50.522,0.59126,0.5933967,1,0
2,16:04:50.542,0.6757258,0.5477508,1,0
2,16:04:50.562,0.5067943,0.3195213,1,0
2,16:04:50.582,0.7179586,0.7759802,1,0
2,16:04:50.602,0.4645614,0.7759802,1,0
2,16:04:50.622,0.6757258,0.5933967,1,0
2,16:04:50.642,0.5067943,0.867272,1,0
2,16:04:50.662,0.5067943,0.2282295,1,0
2,16:04:50.682,0.6757258,0.8216261,1,0
2,16:04:50.702,0.6757258,0.3195213,1,0
2,16:04:50.722,0.4645614,0.6390426,1,0
2,16:04:50.742,0.6757258,0.456459,1,0
2,16:04:50.762,0.6334929,0.4108131,1,0
2,16:04:50.782,0.3800957,0.7759802,1,0
2,16:04:50.802,0.4645614,0.4108131,1,0
2,16:04:50.822,0.6334929,0.3195213,1,0
2,16:04:50.842,0.6334929,0.8216261,1,0
2,16:04:50.862,0.4645614,0.5021049,1,0
2,16:04:50.882,0.4645614,0.5933967,1,0
2,16:04:50.902,0.7601914,0.6846884,1,0
2,16:04:50.922,0.7179586,0.5933967,1,0
2,16:04:50.942,0.6757258,0.7303343,1,0
2,16:04:50.962,0.59126,0.4108131,1,0
2,16:04:50.982,0.6757258,0.1825836,1,0
2,16:04:51.002,0.5067943,0.3651672,1,0
2,16:04:51.022,0.6757258,0.6390426,1,0
2,16:04:51.042,0.59126,0.9129179,1,0
2,16:04:51.062,0.59126,0.3651672,1,0
2,16:04:51.082,0.7601914,0.6390426,1,0
2,16:04:51.102,0.7601914,0.5477508,1,0
2,16:04:51.122,0.5067943,0.5933967,1,0
2,16:04:51.142,0.5067943,0.6846884,1,0
2,16:04:51.162,0.5067943,0.7759802,1,0
2,16:04:51.182,0.5490271,0.4108131,1,0
2,16:04:51.202,0.59126,0.4108131,1,0
2,16:04:51.222,0.5067943,0.4108131,1,0
2,16:04:51.242,0.6334929,0.5933967,1,0
2,16:04:51.262,0.7179586,0.5933967,1,0
2,16:04:51.282,0.4645614,0.7303343,1,0
2,16:04:51.302,0.3378629,0.456459,1,0
2,16:04:51.322,0.3800957,0.3195213,1,0
2,16:04:51.342,0.7601914,0.7303343,1,0
2,16:04:51.362,0.29563,0.7303343,1,0
2,16:04:51.382,0.59126,0.2282295,1,0
2,16:04:51.402,0.5067943,0.8216261,1,0
2,16:04:51.422,0.7601914,0.4108131,1,0
2,16:04:51.442,0.4645614,0.5021049,1,0
2,16:04:51.462,0.6334929,0.456459,1,0
2,16:04:51.482,0.6757258,0.7303343,1,0
2,16:04:51.502,0.88689,0.8216261,1,0
2,16:04:51.522,0.5067943,1.00421,1,0
2,16:04:51.542,0.5067943,0.5021049,1,0
2,16:04:51.562,0.4223286,0.7303343,1,0
2,16:04:51.582,0.2533971,0.4108131,1,0
2,16:04:51.602,0.59126,0.5933967,1,0
2,16:04:51.622,0.6334929,0.6846884,1,0
2,16:04:51.642,0.7179586,0.7303343,1,0
2,16:04:51.662,0.5067943,0.1825836,1,0
2,16:04:51.682,0.29563,0.3651672,1,0
2,16:04:51.702,0.8446572,0.7303343,1,0
2,16:04:51.722,0.5067943,0.5477508,1,0
2,16:04:51.742,0.88689,0.867272,1,0
2,16:04:51.762,0.5490271,0.7303343,1,0
2,16:04:51.782,0.59126,0.3195213,1,0
2,16:04:51.802,0.6334929,0.6846884,1,0
2,16:04:51.822,0.6334929,0.4108131,1,0
2,16:04:51.842,0.9291229,0.7303343,1,0
2,16:04:51.862,0.9291229,0.7759802,1,0
2,16:04:51.882,0.5490271,0.5021049,1,0
2,16:04:51.902,0.5490271,0.5021049,1,0
2,16:04:51.922,0.7179586,0.6390426,1,0
2,16:04:51.942,0.6757258,0.5933967,1,0
2,16:04:51.962,0.7601914,0.5933967,1,0
2,16:04:51.982,1.013589,0.6390426,1,0
2,16:04:52.002,0.3378629,0.5477508,1,0
2,16:04:52.022,0.8024243,0.6846884,1,0
2,16:04:52.042,0.7179586,0.2738754,1,0
2,16:04:52.062,0.6334929,0.4108131,1,0
2,16:04:52.082,0.6334929,0.5021049,1,0
2,16:04:52.102,0.5067943,0.5933967,1,0
2,16:04:52.122,1.055821,0.6390426,1,0
2,16:04:52.142,0.5067943,0.2282295,1,0
2,16:04:52.162,0.9713557,0.4108131,1,0
2,16:04:52.182,0.59126,0.867272,1,0
2,16:04:52.202,0.7179586,0.867272,1,0
2,16:04:52.222,0.5490271,0.5933967,1,0
2,16:04:52.242,0.7179586,0.6390426,1,0
2,16:04:52.262,0.5067943,0.8216261,1,0
2,16:04:52.282,0.29563,0.5477508,1,0
2,16:04:52.302,0.9713557,0.7303343,1,0
2,16:04:52.322,0.59126,0.5021049,1,0
2,16:04:52.342,0.59126,0.4108131,1,0
2,16:04:52.362,0.8024243,0.5477508,1,0
2,16:04:52.382,0.88689,0.4108131,1,0
2,16:04:52.402,0.9291229,0.7759802,1,0
2,16:04:52.422,0.6757258,0.6390426,1,0
2,16:04:52.442,0.5067943,0.4108131,1,0
2,16:04:52.462,0.3378629,0.9585638,1,0
2,16:04:52.482,0.8024243,0.3651672,1,0
2,16:04:52.502,0.4645614,0.5021049,1,0
2,16:04:52.522,0.5067943,0.3651672,1,0
2,16:04:52.542,0.3800957,0.456459,1,0
2,16:04:52.562,0.3800957,0.867272,1,0
2,16:04:52.582,0.9291229,0.7303343,1,0
2,16:04:52.602,0.7179586,0.6390426,1,0
2,16:04:52.622,0.6757258,0.456459,1,0
2,16:04:52.642,0.5490271,0.4108131,1,0
2,16:04:52.662,0.8446572,0.7759802,1,0
2,16:04:52.682,0.3800957,0.5021049,1,0
2,16:04:52.702,0.3378629,0.3651672,1,0
2,16:04:52.722,0.6757258,0.6846884,1,0
2,16:04:52.742,0.4645614,0.5477508,1,0
2,16:04:52.762,0.5067943,0.6846884,1,0
2,16:04:52.782,0.6334929,0.5477508,1,0
2,16:04:52.802,0.59126,0.456459,1,0
2,16:04:52.822,0.59126,0.7303343,1,0
2,16:04:52.842,0.8024243,0.867272,1,0
2,16:04:52.862,0.6757258,0.5933967,1,0
2,16:04:52.882,0.8446572,0.6390426,1,0
2,16:04:52.902,0.5490271,0.456459,1,0
2,16:04:52.922,0.4645614,0.5021049,1,0
2,16:04:52.942,0.7601914,0.4108131,1,0
2,16:04:52.962,0.6334929,0.5933967,1,0
2,16:04:52.982,0.8024243,0.7303343,1,0
2,16:04:53.002,0.7601914,0.5933967,1,0
2,16:04:53.022,0.4645614,0.7759802,1,0
2,16:04:53.042,0.59126,0.867272,1,0
2,16:04:53.062,0.6757258,0.7303343,1,0
2,16:04:53.082,0.4645614,0.2738754,1,0
2,16:04:53.102,0.6334929,0.5933967,1,0
2,16:04:53.122,0.4645614,0.7303343,1,0
2,16:04:53.142,0.4645614,0.7303343,1,0
2,16:04:53.162,0.6757258,0.867272,1,0
2,16:04:53.182,0.7179586,0.8216261,1,0
2,16:04:53.202,0.7179586,0.5021049,1,0
2,16:04:53.222,0.3800957,0.7303343,1,0
2,16:04:53.242,0.4223286,0.5477508,1,0
2,16:04:53.262,0.6334929,0.7303343,1,0
2,16:04:53.282,0.3800957,0.3651672,1,0
2,16:04:53.302,0.3378629,0.5477508,1,0
2,16:04:53.322,0.4223286,0.456459,1,0
2,16:04:53.342,0.4645614,0.4108131,1,0
2,16:04:53.362,0.5067943,0.9585638,1,0
2,16:04:53.382,0.1689314,0.5933967,1,0
2,16:04:53.402,0.3378629,0.5477508,1,0
2,16:04:53.422,0.4223286,0.6390426,1,0
2,16:04:53.442,0.3378629,0.5477508,1,0
2,16:04:53.462,0.6334929,0.4108131,1,0
2,16:04:53.482,0.88689,0.5477508,1,0
2,16:04:53.502,0.4223286,0.2738754,1,0
2,16:04:53.522,0.59126,0.867272,1,0
2,16:04:53.542,0.6757258,0.456459,1,0
2,16:04:53.562,0.59126,0.2282295,1,0
2,16:04:53.582,0.29563,0.2282295,1,0
2,16:04:53.602,0.7601914,0.5933967,1,0
2,16:04:53.622,0.8024243,0.5021049,1,0
2,16:04:53.642,0.2533971,0.4108131,1,0
2,16:04:53.662,0.5067943,0.6390426,1,0
2,16:04:53.682,0.6334929,0.5933967,1,0
2,16:04:53.702,0.4223286,0.2738754,1,0
2,16:04:53.722,0.5067943,0.4108131,1,0
2,16:04:53.742,0.6334929,0.4108131,1,0
2,16:04:53.762,0.2111643,0.6390426,1,0
2,16:04:53.782,0.6757258,1.049856,1,0
2,16:04:53.802,0.8024243,0.4108131,1,0
2,16:04:53.822,0.5067943,0.1369377,1,0
2,16:04:53.842,0.3378629,0.5021049,1,0
2,16:04:53.862,0.3378629,0.7303343,1,0
2,16:04:53.882,0.6334929,0.2282295,1,0
2,16:04:53.902,0.7601914,0.5933967,1,0
2,16:04:53.922,0.7179586,0.2282295,1,0
2,16:04:53.942,0.6334929,0.5477508,1,0
2,16:04:53.962,0.5490271,0.4108131,1,0
2,16:04:53.982,0.9713557,0.6390426,1,0
2,16:04:54.002,0.3800957,0.5021049,1,0
2,16:04:58.022,0.1266986,0.5933967,2,0
2,16:04:58.042,0.4645614,0.5933967,2,0
2,16:04:58.062,0.29563,0.2282295,2,0
2,16:04:58.082,0.4645614,0.3195213,2,0
2,16:04:58.102,0.3378629,0.4108131,2,0
2,16:04:58.122,0.4223286,0.2738754,2,0
2,16:04:58.142,0.2533971,0.4108131,2,0
2,16:04:58.162,0.3800957,0.6390426,2,0
2,16:04:58.182,0.5067943,0.4108131,2,0
2,16:04:58.202,0.3378629,0.5477508,2,0
2,16:04:58.222,0.5067943,0.6846884,2,0
2,16:04:58.242,0.6757258,0.6846884,2,0
2,16:04:58.262,0.6757258,0.7303343,2,0
2,16:04:58.282,0.3800957,0.4108131,2,0
2,16:04:58.302,0.3800957,0.3651672,2,0
2,16:04:58.322,0.4645614,0.3651672,2,0
2,16:04:58.342,0.5067943,0.5021049,2,0
2,16:04:58.362,0.59126,0.3651672,2,0
2,16:04:58.382,0.3800957,0.7759802,2,0
2,16:04:58.402,0.8024243,0.6846884,2,0
2,16:04:58.422,0.4645614,0.456459,2,0
2,16:04:58.442,0.59126,0.5933967,2,0
2,16:04:58.462,0.5067943,0.9129179,2,0
2,16:04:58.482,0.88689,0.6846884,2,0
2,16:04:58.502,0.4223286,0.5021049,2,0
2,16:04:58.521,0.59126,0.4108131,2,1
2,16:04:58.541,0.8024243,0.5933967,2,1
2,16:04:58.562,0.7601914,0.4108131,2,1
2,16:04:58.582,0.4645614,0.456459,2,1
2,16:04:58.602,0.5490271,0.6390426,2,1
2,16:04:58.622,0.5067943,0.6390426,2,1
2,16:04:58.641,0.7601914,0.7303343,2,1
2,16:04:58.662,0.6757258,0.3651672,2,1
2,16:04:58.682,0.5490271,1.049856,2,1
2,16:04:58.702,0.8446572,0.5477508,2,1
2,16:04:58.721,0.6757258,0.456459,2,1
2,16:04:58.742,0.4645614,0.1825836,2,1
2,16:04:58.762,0.2533971,0.4108131,2,1
2,16:04:58.781,0.7601914,0.5933967,2,1
2,16:04:58.802,0.5067943,0.3195213,2,1
2,16:04:58.821,0.5067943,0.2738754,2,1
2,16:04:58.841,0.3378629,0.3651672,2,1
2,16:04:58.862,0.5067943,0.6390426,2,1
2,16:04:58.881,0.6334929,0.5021049,2,1
2,16:04:58.902,0.5490271,0.5021049,2,1
2,16:04:58.922,0.6757258,0.867272,2,1
2,16:04:58.942,0.3800957,0.5477508,2,1
2,16:04:58.962,0.3800957,0.5021049,2,1
2,16:04:58.982,0.6334929,0.4108131,2,1
2,16:04:59.001,0.6757258,0.5933967,2,1
2,16:04:59.022,0.3378629,0.5933967,2,1
2,16:04:59.042,0.8024243,0.5021049,2,1
2,16:04:59.062,0.59126,0.456459,2,1
2,16:04:59.081,0.7179586,0.7759802,2,1
2,16:04:59.102,0.6757258,0.6846884,2,1
2,16:04:59.121,0.6757258,0.5477508,2,1
2,16:04:59.142,0.4645614,0.3651672,2,1
2,16:04:59.162,0.4645614,0.5021049,2,1
2,16:04:59.182,0.4223286,0.456459,2,1
2,16:04:59.201,0.1689314,0.3651672,2,1
2,16:04:59.222,0.5490271,0.1825836,2,1
2,16:04:59.241,0.6757258,0.5477508,2,1
2,16:04:59.261,0.59126,0.867272,2,1
2,16:04:59.282,0.3378629,0.5021049,2,1
2,16:04:59.302,0.3800957,0.3651672,2,1
2,16:04:59.321,0.6334929,0.6390426,2,1
2,16:04:59.342,0.3378629,0.7303343,2,1
2,16:04:59.361,0.6334929,0.5933967,2,1
2,16:04:59.381,0.6757258,0.5933967,2,1
2,16:04:59.402,0.3378629,0.2738754,2,1
2,16:04:59.421,0.59126,0.4108131,2,1
2,16:04:59.442,0.4645614,0.6390426,2,1
2,16:04:59.462,0.3378629,0.3651672,2,1
2,16:04:59.481,0.4223286,0.1825836,2,1
2,16:04:59.501,0.5067943,0.5021049,2,1
2,16:04:59.521,0.6757258,0.6846884,2,1
2,16:04:59.541,0.1689314,0.4108131,2,1
2,16:04:59.561,0.7179586,0.5021049,2,1
2,16:04:59.582,0.8024243,0.5933967,2,1
2,16:04:59.601,0.29563,0.1825836,2,1
2,16:04:59.622,0.3378629,0.3195213,2,1
2,16:04:59.642,0.6757258,0.5021049,2,1
2,16:04:59.661,0.6334929,0.456459,2,1
2,16:04:59.681,0.4223286,0.1825836,2,1
2,16:04:59.702,0.6757258,0.5477508,2,1
2,16:04:59.722,0.3800957,0.2738754,2,1
2,16:04:59.741,0.59126,0.3651672,2,1
2,16:04:59.762,0.4645614,0.3651672,2,1
2,16:04:59.781,0.4223286,0.3195213,2,1
2,16:04:59.801,0.3378629,0.2282295,2,1
2,16:04:59.821,0.1689314,0.4108131,2,1
2,16:04:59.841,0.59126,0.867272,2,1
2,16:04:59.862,0.3378629,0.1825836,2,1
2,16:04:59.882,0.4645614,0.5933967,2,1
2,16:04:59.901,0.3378629,0.1825836,2,1
2,16:04:59.921,0.4645614,0.4108131,2,1
2,16:04:59.942,0.7179586,0.5021049,2,1
2,16:04:59.961,0.7179586,0.3651672,2,1
2,16:04:59.982,0.7601914,0.3651672,2,1
2,16:05:00.002,0.5067943,0.5021049,2,1
2,16:05:00.021,0.8024243,0.6846884,2,1
2,16:05:00.041,0.5067943,0.7759802,2,1
2,16:05:00.062,0.6334929,0.5477508,2,1
2,16:05:00.082,0.4223286,0.4108131,2,1
2,16:05:00.101,0.1689314,0.2738754,2,1
2,16:05:00.122,0.3378629,0.2738754,2,1
2,16:05:00.142,0.5067943,0.3651672,2,1
2,16:05:00.161,0.5067943,0.2282295,2,1
2,16:05:00.182,0.3378629,0.867272,2,1
2,16:05:00.202,0.5490271,0.5021049,2,1
2,16:05:00.221,0.5067943,0.9129179,2,1
2,16:05:00.242,0.5067943,0.456459,2,1
2,16:05:00.261,0.8024243,0.5933967,2,1
2,16:05:00.281,0.3378629,0.3195213,2,1
2,16:05:00.302,0.6757258,0.867272,2,1
2,16:05:00.321,0.6334929,0.1825836,2,1
2,16:05:00.342,0.29563,0.4108131,2,1
2,16:05:00.361,0.4645614,0.2282295,2,1
2,16:05:00.381,0.8024243,0.7759802,2,1
2,16:05:00.401,0.7179586,0.2282295,2,1
2,16:05:00.421,0.3800957,0.3651672,2,1
2,16:05:00.442,0.8024243,0.4108131,2,1
2,16:05:00.462,0.59126,0.5021049,2,1
2,16:05:00.481,0.6757258,0.7759802,2,1
2,16:05:00.501,0.4645614,0.3195213,2,1
2,16:05:00.521,0.29563,0.6390426,2,1
2,16:05:00.541,0.4223286,0.2738754,2,1
2,16:05:00.561,0.6757258,0.3651672,2,1
2,16:05:00.581,0.29563,0.4108131,2,1
2,16:05:00.601,0.3378629,0.2282295,2,1
2,16:05:00.621,0.6334929,0.6390426,2,1
2,16:05:00.641,0.7179586,0,2,1
2,16:05:00.662,0.6757258,0.5933967,2,1
2,16:05:00.681,0.5490271,0.4108131,2,1
2,16:05:00.701,0.7179586,0.5021049,2,1
2,16:05:00.721,0.5490271,0.3651672,2,1
2,16:05:00.741,0.3378629,0.5021049,2,1
2,16:05:00.762,0.4645614,0.6390426,2,1
2,16:05:00.781,0.7179586,0.7759802,2,1
2,16:05:00.801,0.3378629,0.5933967,2,1
2,16:05:00.821,0.6757258,0.8216261,2,1
2,16:05:00.841,0.2111643,0.3195213,2,1
2,16:05:00.861,0.3800957,0.4108131,2,1
2,16:05:00.882,0.3378629,0.5477508,2,1
2,16:05:00.901,0.5067943,0.2282295,2,1
2,16:05:00.921,0.6757258,0.7303343,2,1
2,16:05:00.941,0.5490271,0.5933967,2,1
2,16:05:00.961,0.3800957,0.7759802,2,1
2,16:05:00.981,0.8024243,0.5933967,2,1
2,16:05:01.001,0.5067943,0.7303343,2,1
2,16:05:01.021,0.2533971,0.3651672,2,1
2,16:05:01.041,0.4223286,0.3195213,2,1
2,16:05:01.061,0.4645614,0.5477508,2,1
2,16:05:01.081,0.6757258,0.456459,2,1
2,16:05:01.101,0.3378629,0.867272,2,1
2,16:05:01.121,0.4223286,0.5021049,2,1
2,16:05:01.141,0.6757258,0.6846884,2,1
2,16:05:01.161,0.5067943,0.5021049,2,1
2,16:05:01.181,0.3378629,0.6846884,2,1
2,16:05:01.202,0.5490271,0.5021049,2,1
2,16:05:01.221,0.59126,0.6390426,2,1
2,16:05:01.242,0.7179586,0.7759802,2,1
2,16:05:01.261,0.29563,0.4108131,2,1
2,16:05:01.281,0.4223286,0.1825836,2,1
2,16:05:01.301,0.7601914,0.4108131,2,1
2,16:05:01.322,0.3800957,0.4108131,2,1
2,16:05:01.341,0.5067943,0.3651672,2,1
2,16:05:01.361,0.6757258,0.5021049,2,1
2,16:05:01.382,0.4645614,0.5021049,2,1
2,16:05:01.401,0.2533971,0.4108131,2,1
2,16:05:01.421,0.3378629,0.8216261,2,1
2,16:05:01.442,0.5067943,0.456459,2,1
2,16:05:01.462,0.3800957,0.2282295,2,1
2,16:05:01.481,0.7601914,0.5477508,2,1
2,16:05:01.501,0.7601914,0.5933967,2,1
2,16:05:01.521,0.59126,0.5477508,2,1
2,16:05:01.541,0.7179586,0.5933967,2,1
2,16:05:01.561,0.5067943,0.3195213,2,1
2,16:05:01.581,0.5067943,0.456459,2,1
2,16:05:01.601,0.59126,0.6846884,2,1
2,16:05:01.621,0.7601914,0.2738754,2,1
2,16:05:01.642,0.7179586,0.5933967,2,1
2,16:05:01.661,0.6757258,0.3195213,2,1
2,16:05:01.681,0.1689314,0.2282295,2,1
2,16:05:01.701,0.29563,0.6390426,2,1
2,16:05:01.721,0.3378629,0.456459,2,1
2,16:05:01.741,0.2111643,0.456459,2,1
2,16:05:01.761,0.2533971,0.3651672,2,1
2,16:05:01.781,0.4645614,0.456459,2,1
2,16:05:01.801,0.4223286,0.7303343,2,1
2,16:05:01.821,0.3800957,0.5021049,2,1
2,16:05:01.841,0.7179586,0.6846884,2,1
2,16:05:01.861,0.5067943,0.2738754,2,1
2,16:05:01.881,0.3800957,0.8216261,2,1
2,16:05:01.901,0.3800957,0.3651672,2,1
2,16:05:01.922,0.4223286,0.5021049,2,1
2,16:05:01.941,0.4223286,0.456459,2,1
2,16:05:01.961,0.08446572,0.3651672,2,1
2,16:05:01.981,0.59126,0.3651672,2,1
2,16:05:02.001,0.3378629,0,2,1
2,16:05:02.021,0.3378629,0.3651672,2,1
2,16:05:02.041,0.2533971,0.4108131,2,1
2,16:05:02.061,0.3800957,0.2738754,2,1
2,16:05:02.081,0.5067943,0.7303343,2,1
2,16:05:02.101,0.5490271,0.5933967,2,1
2,16:05:02.121,0.8446572,0.5933967,2,1
2,16:05:02.141,0.3378629,0.2738754,2,1
2,16:05:02.161,0.59126,0.5477508,2,1
2,16:05:02.181,0.1266986,0.456459,2,1
2,16:05:02.201,0.3378629,0.4108131,2,1
2,16:05:02.221,0.59126,0.456459,2,1
2,16:05:02.241,0.6757258,0.4108131,2,1
2,16:05:02.261,0.1266986,0.0456459,2,1
2,16:05:02.281,0.6757258,0.6390426,2,1
2,16:05:02.301,0.4223286,0.2738754,2,1
2,16:05:02.321,0.29563,0.5477508,2,1
2,16:05:02.341,0.1266986,0.3651672,2,1
2,16:05:02.361,0.4645614,0.9129179,2,1
2,16:05:02.381,0.59126,0.6846884,2,1
2,16:05:02.401,0.6757258,0.2738754,2,1
2,16:05:02.421,0.4645614,0.4108131,2,1
2,16:05:02.442,0.5490271,0.1369377,2,1
2,16:05:02.461,0.6757258,0.2738754,2,1
2,16:05:02.481,0.3378629,0.3195213,2,1
2,16:05:02.501,0.3378629,0.2738754,2,1
2,16:05:02.521,0.3800957,0.5477508,2,1
2,16:05:02.541,0.5490271,0.5021049,2,1
2,16:05:02.561,0.1689314,0.3651672,2,1
2,16:05:02.581,0.08446572,0.4108131,2,1
2,16:05:02.601,0.3800957,0.4108131,2,1
2,16:05:02.621,0.29563,0.5021049,2,1
2,16:05:02.641,0.3378629,0.5933967,2,1
2,16:05:02.661,0.3800957,0.2738754,2,1
2,16:05:02.681,0.3378629,0.5477508,2,1
2,16:05:02.701,0.2533971,0.2282295,2,1
2,16:05:02.721,0.59126,0.5933967,2,1
2,16:05:02.741,0.5490271,0.6390426,2,1
2,16:05:02.761,0.4645614,0.5477508,2,1
2,16:05:02.781,0.5067943,0.4108131,2,1
2,16:05:02.801,0.8446572,0.2738754,2,1
2,16:05:02.821,0.3800957,0.5933967,2,1
2,16:05:02.841,0.5067943,0.5933967,2,1
2,16:05:02.861,0.6757258,0.4108131,2,1
2,16:05:02.881,0.6334929,0.5021049,2,1
2,16:05:02.901,0.6334929,0.3651672,2,1
2,16:05:02.921,0.4223286,0.6846884,2,1
2,16:05:02.941,0.3378629,0.5477508,2,1
2,16:05:02.961,0.4223286,0.2738754,2,1
2,16:05:02.981,0.59126,0.5933967,2,1
2,16:05:03.001,0.7179586,0.456459,2,1
2,16:05:03.021,0.4223286,0.5933967,2,1
2,16:05:03.041,0.4223286,0.6390426,2,1
2,16:05:03.061,0.3378629,0.5933967,2,1
2,16:05:03.081,0.5067943,0.3651672,2,1
2,16:05:03.101,0.4223286,0.2282295,2,1
2,16:05:03.121,0.3800957,0.2738754,2,1
2,16:05:03.141,0.4645614,0.5021049,2,1
2,16:05:03.161,0.5067943,0.2738754,2,1
2,16:05:03.181,0.59126,0.4108131,2,1
2,16:05:03.201,0.6757258,0.5933967,2,1
2,16:05:03.221,0.5490271,0.4108131,2,1
2,16:05:03.241,0.5067943,0.7303343,2,1
2,16:05:03.261,0.4223286,0.3651672,2,1
2,16:05:03.281,0.3378629,0.9129179,2,1
2,16:05:03.301,0.5490271,0.3651672,2,1
2,16:05:03.321,0.6334929,0.6846884,2,1
2,16:05:03.341,0.59126,0.5021049,2,1
2,16:05:03.361,0.6757258,0.3651672,2,1
2,16:05:03.381,0.59126,0.4108131,2,1
2,16:05:03.401,0.5067943,0.5477508,2,1
2,16:05:03.421,0.2111643,0.1825836,2,1
2,16:05:03.441,0.59126,0.5933967,2,1
2,16:05:03.461,0.5490271,0.2282295,2,1
2,16:05:03.481,0.1689314,0.456459,2,1
2,16:05:03.501,0.6334929,0.456459,2,1
2,16:05:03.521,0.8446572,0.5021049,2,1
2,16:05:03.541,0.3378629,0.5933967,2,1
2,16:05:03.561,0.4223286,0.2282295,2,1
2,16:05:03.581,0.8024243,0.1825836,2,1
2,16:05:03.601,0.3800957,0.3195213,2,1
2,16:05:03.621,0.3378629,0.2282295,2,1
2,16:05:03.641,0.6334929,0.7759802,2,1
2,16:05:03.661,0.3800957,0.5477508,2,1
2,16:05:03.681,0.59126,0.6390426,2,1
2,16:05:03.701,0.5067943,0.7303343,2,1
2,16:05:03.721,0.7179586,0.456459,2,1
2,16:05:03.741,0.29563,0.3651672,2,1
2,16:05:03.761,0.29563,0.5933967,2,1
2,16:05:03.781,0.6757258,0.3651672,2,1
2,16:05:03.801,0.3378629,0.5477508,2,1
2,16:05:03.821,0.6757258,0.456459,2,1
2,16:05:03.841,0.5067943,0.4108131,2,1
2,16:05:03.861,0.5067943,0.3195213,2,1
2,16:05:03.881,0.8446572,0.6846884,2,1
2,16:05:03.901,0.5490271,0.5933967,2,1
2,16:05:03.921,0.59126,0.4108131,2,1
2,16:05:03.941,0.4645614,0.7303343,2,1
2,16:05:03.961,0.59126,0.5477508,2,1
2,16:05:03.981,0.4223286,0.5021049,2,1
2,16:05:04.001,0.1689314,0.4108131,2,1
2,16:05:04.021,0.1689314,0.5933967,2,1
2,16:05:04.041,0.59126,0.6390426,2,1
2,16:05:04.061,0.4223286,0.2282295,2,1
2,16:05:04.081,0.5490271,0.456459,2,1
2,16:05:04.101,0.8446572,0.2738754,2,1
2,16:05:04.121,0.9713557,0.2738754,2,1
2,16:05:04.141,0.59126,0.456459,2,1
2,16:05:04.161,0.7179586,0.8216261,2,1
2,16:05:04.181,0.7601914,0.5021049,2,1
2,16:05:04.201,0.29563,0.6390426,2,1
2,16:05:04.221,0.2533971,0.456459,2,1
2,16:05:04.241,0.1689314,0.7759802,2,1
2,16:05:04.261,0.6757258,0.6390426,2,1
2,16:05:04.281,0.6334929,0.7303343,2,1
2,16:05:04.301,0.8024243,0.5021049,2,1
2,16:05:04.321,0.4645614,0.4108131,2,1
2,16:05:04.341,0.4223286,0.1369377,2,1
2,16:05:04.361,0.5490271,0.6846884,2,1
2,16:05:04.381,0.7601914,0.6846884,2,1
2,16:05:04.401,0.7179586,0.456459,2,1
2,16:05:04.421,0.3800957,0.3195213,2,1
2,16:05:04.441,0.4645614,0.3651672,2,1
2,16:05:04.461,0.5067943,0.5021049,2,1
2,16:05:04.481,0.4645614,0.3195213,2,1
2,16:05:04.501,0.5490271,0.4108131,2,1
2,16:05:04.521,0.6757258,0.5021049,2,1
2,16:05:04.541,0.6757258,0.7759802,2,1
2,16:05:04.561,0.4645614,0.4108131,2,1
2,16:05:04.581,0.8024243,0.5021049,2,1
2,16:05:04.601,0.6334929,0.5021049,2,1
2,16:05:04.621,0.4223286,0.1825836,2,1
2,16:05:04.641,0.3378629,0.5021049,2,1
2,16:05:04.661,0.3800957,0.4108131,2,1
2,16:05:04.681,0.6334929,0.2282295,2,1
2,16:05:04.701,0.7179586,0.5933967,2,1
2,16:05:04.721,0.6757258,0.2738754,2,1
2,16:05:04.741,0.7601914,0.3195213,2,1
2,16:05:04.761,0.3800957,0.2282295,2,1
2,16:05:04.781,0.59126,0.1369377,2,1
2,16:05:04.801,0.5490271,0.5021049,2,1
2,16:05:04.821,0.3378629,0.2738754,2,1
2,16:05:04.841,0.5067943,0.6390426,2,1
2,16:05:04.861,0.4223286,0.7759802,2,1
2,16:05:04.881,0.7601914,0.7303343,2,1
2,16:05:04.901,0.5067943,0.5477508,2,1
